sheet,column,group,non_null
全省,序号,索引,1105
全省,日期,索引,1105
全省,合计,行业或细分区域,1105
全省,福州,地市总量,1105
全省,厦门,地市总量,1105
全省,莆田,地市总量,1105
全省,泉州,地市总量,1105
全省,漳州,地市总量,1105
全省,龙岩,地市总量,1105
全省,三明,地市总量,1105
全省,南平,地市总量,1105
全省,宁德,地市总量,1105
全省,大工业电量,用电类别,1105
全省,非普工业,用电类别,1105
全省,居民生活,用电类别,1105
全省,非居照明,用电类别,1105
全省,商业用电,用电类别,1105
全省,农业,用电类别,1105
全省,抽水蓄能,用电类别,1105
全省,黑色金属冶炼,行业或细分区域,1105
全省,非金属矿物制品业,行业或细分区域,1105
全省,化学制品制造业,行业或细分区域,1105
全省,纺织业,行业或细分区域,1105
全省,有色金属冶炼,行业或细分区域,1105
全省,通信设备制造业,行业或细分区域,1105
全省,金属制品业,行业或细分区域,1105
全省,橡胶和塑料,行业或细分区域,1105
全省,服饰业,行业或细分区域,1105
全省,造纸和纸制品业,行业或细分区域,1105
全省,机械,行业或细分区域,1105
全省,电子,行业或细分区域,1105
全省,石化,行业或细分区域,1105
全省,食品,行业或细分区域,1105
全省,服装,行业或细分区域,1105
全省,农林牧渔业,行业或细分区域,1105
全省,制造业,行业或细分区域,1105
全省,建筑业,行业或细分区域,1105
全省,交通仓储和邮政业,行业或细分区域,1105
全省,信息传输,行业或细分区域,1105
全省,批发和零售业,行业或细分区域,1105
全省,住宿和餐饮业,行业或细分区域,1105
全省,金融业,行业或细分区域,1105
全省,房地产业,行业或细分区域,1105
全省,租赁和商务服务,行业或细分区域,1105
全省,公共服务及管理组织,行业或细分区域,1105
全省,化学纤维制造业,行业或细分区域,1105
全省,皮革行业,行业或细分区域,1105
全省,工业,行业或细分区域,1105
福州,序号,索引,1105
福州,日期,索引,1105
福州,合计,行业或细分区域,1105
福州,大工业电量,用电类别,1105
福州,非普工业,用电类别,1105
福州,居民生活,用电类别,1105
福州,非居照明,用电类别,1105
福州,商业用电,用电类别,1105
福州,农业,用电类别,1105
福州,抽水蓄能,用电类别,1105
福州,黑色金属冶炼,行业或细分区域,1105
福州,非金属矿物制品业,行业或细分区域,1105
福州,化学制品制造业,行业或细分区域,1105
福州,纺织业,行业或细分区域,1105
福州,有色金属冶炼,行业或细分区域,1105
福州,通信设备制造业,行业或细分区域,1105
福州,金属制品业,行业或细分区域,1105
福州,橡胶和塑料,行业或细分区域,1105
福州,服饰业,行业或细分区域,1105
福州,造纸和纸制品业,行业或细分区域,1105
福州,机械,行业或细分区域,1105
福州,电子,行业或细分区域,1105
福州,石化,行业或细分区域,1105
福州,食品,行业或细分区域,1105
福州,服装,行业或细分区域,1105
福州,农林牧渔业,行业或细分区域,1105
福州,制造业,行业或细分区域,1105
福州,建筑业,行业或细分区域,1105
福州,交通仓储和邮政业,行业或细分区域,1105
福州,信息传输,行业或细分区域,1105
福州,批发和零售业,行业或细分区域,1105
福州,住宿和餐饮业,行业或细分区域,1105
福州,金融业,行业或细分区域,1105
福州,房地产业,行业或细分区域,1105
福州,租赁和商务服务,行业或细分区域,1105
福州,公共服务及管理组织,行业或细分区域,1105
福州,化学纤维制造业,行业或细分区域,1105
福州,皮革行业,行业或细分区域,1105
福州,本部,行业或细分区域,1105
福州,长乐,行业或细分区域,1105
福州,福清,行业或细分区域,1105
福州,连江,行业或细分区域,1105
福州,罗源,行业或细分区域,1105
福州,闽清,行业或细分区域,1105
福州,永泰,行业或细分区域,1105
福州,闽侯,行业或细分区域,1105
福州,平潭,行业或细分区域,1105
福州,平潭工业,行业或细分区域,1105
厦门,序号,索引,1105
厦门,日期,索引,1105
厦门,合计,行业或细分区域,1105
厦门,大工业电量,用电类别,1105
厦门,非普工业,用电类别,1105
厦门,居民生活,用电类别,1105
厦门,非居照明,用电类别,1105
厦门,商业用电,用电类别,1105
厦门,农业,用电类别,1105
厦门,抽水蓄能,用电类别,1105
厦门,黑色金属冶炼,行业或细分区域,1105
厦门,非金属矿物制品业,行业或细分区域,1105
厦门,化学制品制造业,行业或细分区域,1105
厦门,纺织业,行业或细分区域,1105
厦门,有色金属冶炼,行业或细分区域,1105
厦门,通信设备制造业,行业或细分区域,1105
厦门,金属制品业,行业或细分区域,1105
厦门,橡胶和塑料,行业或细分区域,1105
厦门,服饰业,行业或细分区域,1105
厦门,造纸和纸制品业,行业或细分区域,1105
厦门,机械,行业或细分区域,1105
厦门,电子,行业或细分区域,1105
厦门,石化,行业或细分区域,1105
厦门,食品,行业或细分区域,1105
厦门,服装,行业或细分区域,1105
厦门,农林牧渔业,行业或细分区域,1105
厦门,制造业,行业或细分区域,1105
厦门,建筑业,行业或细分区域,1105
厦门,交通仓储和邮政业,行业或细分区域,1105
厦门,信息传输,行业或细分区域,1105
厦门,批发和零售业,行业或细分区域,1105
厦门,住宿和餐饮业,行业或细分区域,1105
厦门,金融业,行业或细分区域,1105
厦门,房地产业,行业或细分区域,1105
厦门,租赁和商务服务,行业或细分区域,1105
厦门,公共服务及管理组织,行业或细分区域,1105
厦门,化学纤维制造业,行业或细分区域,1105
厦门,皮革行业,行业或细分区域,1105
宁德,序号,索引,1105
宁德,日期,索引,1105
宁德,合计,行业或细分区域,1105
宁德,大工业电量,用电类别,1105
宁德,非普工业,用电类别,1105
宁德,居民生活,用电类别,1105
宁德,非居照明,用电类别,1105
宁德,商业用电,用电类别,1105
宁德,农业,用电类别,1105
宁德,抽水蓄能,用电类别,1105
宁德,黑色金属冶炼,行业或细分区域,1105
宁德,非金属矿物制品业,行业或细分区域,1105
宁德,化学制品制造业,行业或细分区域,1105
宁德,纺织业,行业或细分区域,1105
宁德,有色金属冶炼,行业或细分区域,1105
宁德,通信设备制造业,行业或细分区域,1105
宁德,金属制品业,行业或细分区域,1105
宁德,橡胶和塑料,行业或细分区域,1105
宁德,服饰业,行业或细分区域,1105
宁德,造纸和纸制品业,行业或细分区域,1105
宁德,机械,行业或细分区域,1105
宁德,电子,行业或细分区域,1105
宁德,石化,行业或细分区域,1105
宁德,食品,行业或细分区域,1105
宁德,服装,行业或细分区域,1105
宁德,农林牧渔业,行业或细分区域,1105
宁德,制造业,行业或细分区域,1105
宁德,建筑业,行业或细分区域,1105
宁德,交通仓储和邮政业,行业或细分区域,1105
宁德,信息传输,行业或细分区域,1105
宁德,批发和零售业,行业或细分区域,1105
宁德,住宿和餐饮业,行业或细分区域,1105
宁德,金融业,行业或细分区域,1105
宁德,房地产业,行业或细分区域,1105
宁德,租赁和商务服务,行业或细分区域,1105
宁德,公共服务及管理组织,行业或细分区域,1105
宁德,化学纤维制造业,行业或细分区域,1105
宁德,皮革行业,行业或细分区域,1105
宁德,本部,行业或细分区域,1105
宁德,福鼎,行业或细分区域,1105
宁德,柘荣,行业或细分区域,1105
宁德,福安,行业或细分区域,1105
宁德,周宁,行业或细分区域,1105
宁德,寿宁,行业或细分区域,1105
宁德,古田,行业或细分区域,1105
宁德,屏南,行业或细分区域,1105
莆田,序号,索引,1105
莆田,日期,索引,1105
莆田,合计,行业或细分区域,1105
莆田,大工业电量,用电类别,1105
莆田,非普工业,用电类别,1105
莆田,居民生活,用电类别,1105
莆田,非居照明,用电类别,1105
莆田,商业用电,用电类别,1105
莆田,农业,用电类别,1105
莆田,抽水蓄能,用电类别,1105
莆田,黑色金属冶炼,行业或细分区域,1105
莆田,非金属矿物制品业,行业或细分区域,1105
莆田,化学制品制造业,行业或细分区域,1105
莆田,纺织业,行业或细分区域,1105
莆田,有色金属冶炼,行业或细分区域,1105
莆田,通信设备制造业,行业或细分区域,1105
莆田,金属制品业,行业或细分区域,1105
莆田,橡胶和塑料,行业或细分区域,1105
莆田,服饰业,行业或细分区域,1105
莆田,造纸和纸制品业,行业或细分区域,1105
莆田,机械,行业或细分区域,1105
莆田,电子,行业或细分区域,1105
莆田,石化,行业或细分区域,1105
莆田,食品,行业或细分区域,1105
莆田,服装,行业或细分区域,1105
莆田,农林牧渔业,行业或细分区域,1105
莆田,制造业,行业或细分区域,1105
莆田,建筑业,行业或细分区域,1105
莆田,交通仓储和邮政业,行业或细分区域,1105
莆田,信息传输,行业或细分区域,1105
莆田,批发和零售业,行业或细分区域,1105
莆田,住宿和餐饮业,行业或细分区域,1105
莆田,金融业,行业或细分区域,1105
莆田,房地产业,行业或细分区域,1105
莆田,租赁和商务服务,行业或细分区域,1105
莆田,公共服务及管理组织,行业或细分区域,1105
莆田,化学纤维制造业,行业或细分区域,1105
莆田,皮革行业,行业或细分区域,1105
莆田,本部,行业或细分区域,1105
莆田,仙游,行业或细分区域,1105
莆田,湄洲岛,行业或细分区域,1105
泉州,序号,索引,1105
泉州,日期,索引,1105
泉州,合计,行业或细分区域,1105
泉州,大工业电量,用电类别,1105
泉州,非普工业,用电类别,1105
泉州,居民生活,用电类别,1105
泉州,非居照明,用电类别,1105
泉州,商业用电,用电类别,1105
泉州,农业,用电类别,1105
泉州,抽水蓄能,用电类别,1105
泉州,黑色金属冶炼,行业或细分区域,1105
泉州,非金属矿物制品业,行业或细分区域,1105
泉州,化学制品制造业,行业或细分区域,1105
泉州,纺织业,行业或细分区域,1105
泉州,有色金属冶炼,行业或细分区域,1105
泉州,通信设备制造业,行业或细分区域,1105
泉州,金属制品业,行业或细分区域,1105
泉州,橡胶和塑料,行业或细分区域,1105
泉州,服饰业,行业或细分区域,1105
泉州,造纸和纸制品业,行业或细分区域,1105
泉州,机械,行业或细分区域,1105
泉州,电子,行业或细分区域,1105
泉州,石化,行业或细分区域,1105
泉州,食品,行业或细分区域,1105
泉州,服装,行业或细分区域,1105
泉州,农林牧渔业,行业或细分区域,1105
泉州,制造业,行业或细分区域,1105
泉州,建筑业,行业或细分区域,1105
泉州,交通仓储和邮政业,行业或细分区域,1105
泉州,信息传输,行业或细分区域,1105
泉州,批发和零售业,行业或细分区域,1105
泉州,住宿和餐饮业,行业或细分区域,1105
泉州,金融业,行业或细分区域,1105
泉州,房地产业,行业或细分区域,1105
泉州,租赁和商务服务,行业或细分区域,1105
泉州,公共服务及管理组织,行业或细分区域,1105
泉州,化学纤维制造业,行业或细分区域,1105
泉州,皮革行业,行业或细分区域,1105
泉州,本部,行业或细分区域,1105
泉州,晋江,行业或细分区域,1105
泉州,石狮,行业或细分区域,1105
泉州,南安,行业或细分区域,1105
泉州,安溪,行业或细分区域,1105
泉州,德化,行业或细分区域,1105
泉州,永春,行业或细分区域,1105
泉州,惠安,行业或细分区域,1105
漳州,序号,索引,1106
漳州,日期,索引,1106
漳州,合计,行业或细分区域,1106
漳州,大工业电量,用电类别,1106
漳州,非普工业,用电类别,1106
漳州,居民生活,用电类别,1106
漳州,非居照明,用电类别,1106
漳州,商业用电,用电类别,1106
漳州,农业,用电类别,1106
漳州,抽水蓄能,用电类别,1106
漳州,黑色金属冶炼,行业或细分区域,1106
漳州,非金属矿物制品业,行业或细分区域,1106
漳州,化学制品制造业,行业或细分区域,1106
漳州,纺织业,行业或细分区域,1106
漳州,有色金属冶炼,行业或细分区域,1106
漳州,通信设备制造业,行业或细分区域,1106
漳州,金属制品业,行业或细分区域,1106
漳州,橡胶和塑料,行业或细分区域,1106
漳州,服饰业,行业或细分区域,1106
漳州,造纸和纸制品业,行业或细分区域,1106
漳州,机械,行业或细分区域,1106
漳州,电子,行业或细分区域,1106
漳州,石化,行业或细分区域,1106
漳州,食品,行业或细分区域,1106
漳州,服装,行业或细分区域,1106
漳州,农林牧渔业,行业或细分区域,1106
漳州,制造业,行业或细分区域,1106
漳州,建筑业,行业或细分区域,1106
漳州,交通仓储和邮政业,行业或细分区域,1106
漳州,信息传输,行业或细分区域,1106
漳州,批发和零售业,行业或细分区域,1106
漳州,住宿和餐饮业,行业或细分区域,1106
漳州,金融业,行业或细分区域,1106
漳州,房地产业,行业或细分区域,1106
漳州,租赁和商务服务,行业或细分区域,1106
漳州,公共服务及管理组织,行业或细分区域,1106
漳州,化学纤维制造业,行业或细分区域,1106
漳州,皮革行业,行业或细分区域,1106
漳州,本部,行业或细分区域,1106
漳州,龙海,行业或细分区域,1106
漳州,漳浦,行业或细分区域,1106
漳州,长泰,行业或细分区域,1106
漳州,东山,行业或细分区域,1106
漳州,南靖,行业或细分区域,1106
漳州,平和,行业或细分区域,1106
漳州,诏安,行业或细分区域,1106
漳州,云霄,行业或细分区域,1106
漳州,华安,行业或细分区域,1106
漳州,常山,行业或细分区域,1106
龙岩,序号,索引,1105
龙岩,日期,索引,1105
龙岩,合计,行业或细分区域,1105
龙岩,大工业电量,用电类别,1105
龙岩,非普工业,用电类别,1105
龙岩,居民生活,用电类别,1105
龙岩,非居照明,用电类别,1105
龙岩,商业用电,用电类别,1105
龙岩,农业,用电类别,1105
龙岩,抽水蓄能,用电类别,1105
龙岩,黑色金属冶炼,行业或细分区域,1105
龙岩,非金属矿物制品业,行业或细分区域,1105
龙岩,化学制品制造业,行业或细分区域,1105
龙岩,纺织业,行业或细分区域,1105
龙岩,有色金属冶炼,行业或细分区域,1105
龙岩,通信设备制造业,行业或细分区域,1105
龙岩,金属制品业,行业或细分区域,1105
龙岩,橡胶和塑料,行业或细分区域,1105
龙岩,服饰业,行业或细分区域,1105
龙岩,造纸和纸制品业,行业或细分区域,1105
龙岩,机械,行业或细分区域,1105
龙岩,电子,行业或细分区域,1105
龙岩,石化,行业或细分区域,1105
龙岩,食品,行业或细分区域,1105
龙岩,服装,行业或细分区域,1105
龙岩,农林牧渔业,行业或细分区域,1105
龙岩,制造业,行业或细分区域,1105
龙岩,建筑业,行业或细分区域,1105
龙岩,交通仓储和邮政业,行业或细分区域,1105
龙岩,信息传输,行业或细分区域,1105
龙岩,批发和零售业,行业或细分区域,1105
龙岩,住宿和餐饮业,行业或细分区域,1105
龙岩,金融业,行业或细分区域,1105
龙岩,房地产业,行业或细分区域,1105
龙岩,租赁和商务服务,行业或细分区域,1105
龙岩,公共服务及管理组织,行业或细分区域,1105
龙岩,化学纤维制造业,行业或细分区域,1105
龙岩,皮革行业,行业或细分区域,1105
龙岩,本部,行业或细分区域,1105
龙岩,连城,行业或细分区域,1105
龙岩,武平,行业或细分区域,1105
龙岩,漳平,行业或细分区域,1105
龙岩,永定,行业或细分区域,1105
龙岩,新罗,行业或细分区域,1105
龙岩,长汀,行业或细分区域,1105
龙岩,上杭,行业或细分区域,1105
三明,序号,索引,1105
三明,日期,索引,1105
三明,合计,行业或细分区域,1105
三明,大工业电量,用电类别,1105
三明,非普工业,用电类别,1105
三明,居民生活,用电类别,1105
三明,非居照明,用电类别,1105
三明,商业用电,用电类别,1105
三明,农业,用电类别,1105
三明,抽水蓄能,用电类别,1105
三明,黑色金属冶炼,行业或细分区域,1105
三明,非金属矿物制品业,行业或细分区域,1105
三明,化学制品制造业,行业或细分区域,1105
三明,纺织业,行业或细分区域,1105
三明,有色金属冶炼,行业或细分区域,1105
三明,通信设备制造业,行业或细分区域,1105
三明,金属制品业,行业或细分区域,1105
三明,橡胶和塑料,行业或细分区域,1105
三明,服饰业,行业或细分区域,1105
三明,造纸和纸制品业,行业或细分区域,1105
三明,机械,行业或细分区域,1105
三明,电子,行业或细分区域,1105
三明,石化,行业或细分区域,1105
三明,食品,行业或细分区域,1105
三明,服装,行业或细分区域,1105
三明,农林牧渔业,行业或细分区域,1105
三明,制造业,行业或细分区域,1105
三明,建筑业,行业或细分区域,1105
三明,交通仓储和邮政业,行业或细分区域,1105
三明,信息传输,行业或细分区域,1105
三明,批发和零售业,行业或细分区域,1105
三明,住宿和餐饮业,行业或细分区域,1105
三明,金融业,行业或细分区域,1105
三明,房地产业,行业或细分区域,1105
三明,租赁和商务服务,行业或细分区域,1105
三明,公共服务及管理组织,行业或细分区域,1105
三明,化学纤维制造业,行业或细分区域,1105
三明,皮革行业,行业或细分区域,1105
三明,本部,行业或细分区域,1105
三明,宁化,行业或细分区域,1105
三明,泰宁,行业或细分区域,1105
三明,尤溪,行业或细分区域,1105
三明,明溪,行业或细分区域,1105
三明,沙县,行业或细分区域,1105
三明,将乐,行业或细分区域,1105
三明,大田,行业或细分区域,1105
三明,永安,行业或细分区域,1105
三明,清流,行业或细分区域,1105
三明,建宁,行业或细分区域,1105
南平,序号,索引,1105
南平,日期,索引,1105
南平,合计,行业或细分区域,1105
南平,大工业电量,用电类别,1105
南平,非普工业,用电类别,1105
南平,居民生活,用电类别,1105
南平,非居照明,用电类别,1105
南平,商业用电,用电类别,1105
南平,农业,用电类别,1105
南平,抽水蓄能,用电类别,1105
南平,黑色金属冶炼,行业或细分区域,1105
南平,非金属矿物制品业,行业或细分区域,1105
南平,化学制品制造业,行业或细分区域,1105
南平,纺织业,行业或细分区域,1105
南平,有色金属冶炼,行业或细分区域,1105
南平,通信设备制造业,行业或细分区域,1105
南平,金属制品业,行业或细分区域,1105
南平,橡胶和塑料,行业或细分区域,1105
南平,服饰业,行业或细分区域,1105
南平,造纸和纸制品业,行业或细分区域,1105
南平,机械,行业或细分区域,1105
南平,电子,行业或细分区域,1105
南平,石化,行业或细分区域,1105
南平,食品,行业或细分区域,1105
南平,服装,行业或细分区域,1105
南平,农林牧渔业,行业或细分区域,1105
南平,制造业,行业或细分区域,1105
南平,建筑业,行业或细分区域,1105
南平,交通仓储和邮政业,行业或细分区域,1105
南平,信息传输,行业或细分区域,1105
南平,批发和零售业,行业或细分区域,1105
南平,住宿和餐饮业,行业或细分区域,1105
南平,金融业,行业或细分区域,1105
南平,房地产业,行业或细分区域,1105
南平,租赁和商务服务,行业或细分区域,1105
南平,公共服务及管理组织,行业或细分区域,1105
南平,化学纤维制造业,行业或细分区域,1105
南平,皮革行业,行业或细分区域,1105
南平,本部,行业或细分区域,1105
南平,邵武,行业或细分区域,1105
南平,武夷山,行业或细分区域,1105
南平,建瓯,行业或细分区域,1105
南平,建阳,行业或细分区域,1105
南平,顺昌,行业或细分区域,1105
南平,浦城,行业或细分区域,1105
南平,政和,行业或细分区域,1105
南平,光泽,行业或细分区域,1105
南平,松溪,行业或细分区域,1105
南平,延平,行业或细分区域,1105
