行业,制造业分组,平均占比,2025平均占比,最大月度占比,同比增长率均值,同比增长率标准差,与制造业同比相关,增长贡献率,2022占制造业比重,2025占制造业比重,前置信号摘要,数据行为标签
19.黑色金属冶炼和压延加工业,传统高耗能与材料行业,0.14005395797615003,0.14404346051138717,0.17723382570346422,0.08396156478305408,0.15585606306234065,0.7688483459919142,0.1457682128064034,0.1434016919338835,0.1438558036476091,"制造业同比增长率:证据较弱,lag=1,q=0.6178,gain=-59.52%；结构转型比值R同比变化:较稳健前置信号候选,lag=1,q=0.0064,gain=15.15%；结构转型差值T同比变化:较稳健前置信号候选,lag=1,q=0.0102,gain=14.80%",存量主导、增长拉动
14.化学原料和化学制品制造业,传统高耗能与材料行业,0.08766102069287846,0.1030901537632732,0.12898011759208702,0.22466467807968385,0.13672760934674336,0.4154983291221441,0.2390693046252144,0.0699042274662083,0.1023653158019304,"结构转型比值R同比变化:仅相关或检验候选,lag=3,q=0.0406,gain=1.21%；结构转型差值T同比变化:证据较弱,lag=3,q=0.1631,gain=0.43%；制造业同比增长率:证据较弱,lag=1,q=0.2428,gain=-12.63%",存量主导、增长拉动
18.非金属矿物制品业,传统高耗能与材料行业,0.09819698067658837,0.08799949762801212,0.12013200050699281,0.02765297384218062,0.2842805777334306,0.9515936830929483,-0.0075410368244135,0.1111914117580105,0.0884078410206064,"制造业同比增长率:证据较弱,lag=2,q=0.4234,gain=-9.12%；结构转型比值R同比变化:较稳健前置信号候选,lag=3,q=0.0076,gain=34.28%；结构转型差值T同比变化:较稳健前置信号候选,lag=3,q=0.0241,gain=29.77%",存量主导
5.纺织业,消费与轻工制造,0.08171646675601309,0.07844482681961212,0.08816004798260597,0.0775103847865437,0.2786129858485358,0.9841638869764449,0.0566972416441762,0.0836023455821377,0.0784395249203351,"制造业同比增长率:证据较弱,lag=1,q=0.5953,gain=-4.19%；结构转型比值R同比变化:较稳健前置信号候选,lag=1,q=0.0005,gain=26.47%；结构转型差值T同比变化:较稳健前置信号候选,lag=3,q=0.0298,gain=21.76%",存量主导、增长拉动
27.计算机、通信和其他电子设备制造业,先进制造与技术相关行业,0.07259578855329997,0.07484770983538026,0.09034879853107033,0.09593179954971541,0.09072731391494322,0.9115014089327335,0.0907696316310978,0.0707789328547132,0.0746149482414061,"制造业同比增长率:证据较弱,lag=1,q=0.7748,gain=-11.98%；结构转型比值R同比变化:较稳健前置信号候选,lag=3,q=0.0044,gain=26.97%；结构转型差值T同比变化:较稳健前置信号候选,lag=3,q=0.0129,gain=20.24%",存量主导、增长拉动
20.有色金属冶炼和压延加工业,传统高耗能与材料行业,0.07237044989212697,0.06170422271144829,0.11320307102696572,0.031145342032125316,0.20976209464609916,0.5417655210115496,0.0097953875175245,0.0732173584008867,0.0610473157783464,"结构转型差值T同比变化:仅相关或检验候选,lag=1,q=0.0055,gain=17.70%；制造业同比增长率:仅相关或检验候选,lag=1,q=0.1920,gain=-1.82%；结构转型比值R同比变化:有预测增益候选,lag=1,q=0.0005,gain=23.85%",存量主导
26.电气机械和器材制造业,装备制造,0.05135262140986172,0.05975910857024049,0.06304388464330837,0.19983635759554122,0.1902371147585381,0.9625242328660546,0.125144630020267,0.0443322475346255,0.0598393364122007,"制造业同比增长率:证据较弱,lag=1,q=0.3392,gain=-10.48%；结构转型比值R同比变化:较稳健前置信号候选,lag=1,q=0.0005,gain=28.43%；结构转型差值T同比变化:较稳健前置信号候选,lag=1,q=0.0030,gain=21.86%",存量主导、增长拉动
21.金属制品业,装备制造,0.04447160472284595,0.043731302038752286,0.04882164729481336,0.11003368523387988,0.3828509000373769,0.9748344046848871,0.03848405420295,0.0452840175915146,0.0439791725493645,"制造业同比增长率:仅相关或检验候选,lag=2,q=0.1476,gain=-29.35%；结构转型比值R同比变化:较稳健前置信号候选,lag=1,q=0.0003,gain=37.27%；结构转型差值T同比变化:较稳健前置信号候选,lag=1,q=0.0020,gain=31.20%",存量主导、增长拉动、高波动
17.橡胶和塑料制品业,传统高耗能与材料行业,0.0417576875373887,0.040581843805859226,0.04594266161637203,0.08387259180306307,0.2875251427017193,0.9713612173954834,0.0305784537679121,0.0431097556520547,0.0407051240090803,"制造业同比增长率:仅相关或检验候选,lag=1,q=0.1901,gain=-12.62%；结构转型比值R同比变化:较稳健前置信号候选,lag=3,q=0.0023,gain=36.49%；结构转型差值T同比变化:较稳健前置信号候选,lag=3,q=0.0076,gain=26.29%",增长拉动
13.石油、煤炭及其他燃料加工业,传统高耗能与材料行业,0.03382565675557515,0.03364849860664219,0.057196448345573345,0.07217013749954086,0.15841157839554512,-0.09436722179875268,0.028248494024074,0.0343836563084138,0.0332063799567543,"结构转型比值R同比变化:证据较弱,lag=1,q=0.9965,gain=-11.59%；结构转型差值T同比变化:证据较弱,lag=3,q=0.3771,gain=-17.55%；制造业同比增长率:证据较弱,lag=1,q=0.8301,gain=-70.83%",一般结构项
6.纺织服装、服饰业,消费与轻工制造,0.03337011509635823,0.032437628731751454,0.038994467748790104,0.10170568725653796,0.3819066597629527,0.9761123096287088,0.0258143288437048,0.0343092563559852,0.0326791646313055,"制造业同比增长率:仅相关或检验候选,lag=1,q=0.1920,gain=-4.05%；结构转型比值R同比变化:较稳健前置信号候选,lag=1,q=0.0005,gain=29.63%；结构转型差值T同比变化:较稳健前置信号候选,lag=1,q=0.0029,gain=19.72%",高波动
7.皮革、毛皮、羽毛及其制品和制鞋业,消费与轻工制造,0.030406123076011576,0.029306811079416104,0.034816449087841414,0.12296140592157657,0.48837092403809124,0.9620310002575772,0.0222862317856677,0.031280635337376,0.0295546991505311,"制造业同比增长率:仅相关或检验候选,lag=1,q=0.1978,gain=0.55%；结构转型比值R同比变化:较稳健前置信号候选,lag=3,q=0.0088,gain=28.37%；结构转型差值T同比变化:较稳健前置信号候选,lag=3,q=0.0241,gain=16.22%",高波动
16.化学纤维制造业,传统高耗能与材料行业,0.0268167709671014,0.026979478359905624,0.03281993675564501,0.09385804205636872,0.14801760425229812,0.8040200921229443,0.0304283195198931,0.0260141755968972,0.0268612057181099,"制造业同比增长率:有预测增益候选,lag=2,q=0.1920,gain=30.86%；结构转型比值R同比变化:较稳健前置信号候选,lag=1,q=0.0007,gain=22.55%；结构转型差值T同比变化:较稳健前置信号候选,lag=1,q=0.0047,gain=18.33%",增长拉动
1.农副食品加工业,消费与轻工制造,0.025930716697487602,0.024238829331535695,0.03241709000926123,0.03457849558079984,0.11817091534951658,0.8567693470342376,0.010187223151659,0.0277121664403893,0.0243493048987055,"制造业同比增长率:证据较弱,lag=1,q=0.3274,gain=-14.38%；结构转型比值R同比变化:较稳健前置信号候选,lag=3,q=0.0021,gain=34.76%；结构转型差值T同比变化:较稳健前置信号候选,lag=3,q=0.0076,gain=34.39%",一般结构项
29.其他制造业,其他制造,0.02204998375273325,0.023297303619039634,0.029275776226590694,0.11051051784331284,0.22854702648258682,0.8629403190518609,0.0284746979342887,0.022344721172972,0.023521002474567,"制造业同比增长率:仅相关或检验候选,lag=1,q=0.1978,gain=-10.45%；结构转型比值R同比变化:较稳健前置信号候选,lag=3,q=0.0103,gain=37.63%；结构转型差值T同比变化:较稳健前置信号候选,lag=3,q=0.0313,gain=24.12%",一般结构项
10.造纸和纸制品业,消费与轻工制造,0.02141741480890097,0.01987416045572649,0.025633513520307044,0.08323133676628638,0.2904018040408966,0.9336603511684181,0.014495380122335,0.0211286076972728,0.0198557575920551,"结构转型差值T同比变化:有预测增益候选,lag=2,q=0.0030,gain=25.20%；制造业同比增长率:证据较弱,lag=1,q=0.6494,gain=-32.38%；结构转型比值R同比变化:较稳健前置信号候选,lag=3,q=0.0018,gain=33.86%",一般结构项
2.食品制造业,消费与轻工制造,0.01825811499803867,0.018301431971732465,0.021158328906778722,0.09487042803511289,0.1902152318662483,0.9249401250752423,0.0196435842902441,0.0181091567755781,0.0184035980866031,"制造业同比增长率:仅相关或检验候选,lag=1,q=0.1920,gain=-12.37%；结构转型比值R同比变化:较稳健前置信号候选,lag=3,q=0.0066,gain=31.88%；结构转型差值T同比变化:较稳健前置信号候选,lag=2,q=0.0080,gain=27.70%",一般结构项
22.通用设备制造业,装备制造,0.017127111198216107,0.017682342624316484,0.019307786261280827,0.14789865624105575,0.4515600647963584,0.9643131059625004,0.0205667727854684,0.0171989228157558,0.0178451795798842,"制造业同比增长率:仅相关或检验候选,lag=1,q=0.1901,gain=6.34%；结构转型比值R同比变化:较稳健前置信号候选,lag=3,q=0.0069,gain=33.76%；结构转型差值T同比变化:较稳健前置信号候选,lag=3,q=0.0159,gain=21.50%",高波动
8.木材加工和木、竹、藤、棕、草制品业,消费与轻工制造,0.014127447339567079,0.013442741734423247,0.016643564953542023,0.09565116804124076,0.4164697629089445,0.9711382167714594,0.0081277478884086,0.0148044514520954,0.0135232587389649,"制造业同比增长率:仅相关或检验候选,lag=1,q=0.1978,gain=3.46%；结构转型比值R同比变化:较稳健前置信号候选,lag=3,q=0.0095,gain=28.65%；结构转型差值T同比变化:较稳健前置信号候选,lag=3,q=0.0244,gain=23.77%",高波动
23.专用设备制造业,装备制造,0.00984780374297249,0.009639464870191924,0.010984095255674328,0.06382368766496607,0.1625121264601057,0.9755418893153631,0.0072649937879971,0.0102084206582776,0.0096436064469135,"制造业同比增长率:证据较弱,lag=1,q=0.2329,gain=2.68%；结构转型比值R同比变化:较稳健前置信号候选,lag=1,q=0.0003,gain=33.85%；结构转型差值T同比变化:较稳健前置信号候选,lag=1,q=0.0020,gain=28.96%",一般结构项
24.汽车制造业,装备制造,0.007401819285728071,0.008322765562609318,0.009190608693236997,0.18634161438003877,0.24767624541378155,0.934755718565631,0.0158729222705905,0.0065889724277168,0.0083704696552484,"制造业同比增长率:证据较弱,lag=1,q=0.7356,gain=-14.28%；结构转型差值T同比变化:较稳健前置信号候选,lag=2,q=0.0030,gain=36.90%；结构转型比值R同比变化:较稳健前置信号候选,lag=3,q=0.0035,gain=36.48%",一般结构项
15.医药制造业,先进制造与技术相关行业,0.007432943999783892,0.007985847268850274,0.008782394921160619,0.10793447116906034,0.13795440328504513,0.7524253588769843,0.0103859537544722,0.0074392623444242,0.0080047029883567,"制造业同比增长率:有预测增益候选,lag=1,q=0.1978,gain=18.98%；结构转型比值R同比变化:较稳健前置信号候选,lag=3,q=0.0181,gain=21.03%；结构转型差值T同比变化:较稳健前置信号候选,lag=3,q=0.0648,gain=12.09%",一般结构项
12.文教、工美、体育和娱乐用品制造业,消费与轻工制造,0.007685042529980322,0.007451413487467949,0.00910304259768744,0.0787621257434397,0.3098457916483962,0.9749422591351264,0.0048254967298405,0.0081365631511294,0.0075012025826719,"制造业同比增长率:仅相关或检验候选,lag=1,q=0.1548,gain=-33.66%；结构转型比值R同比变化:较稳健前置信号候选,lag=1,q=0.0003,gain=36.08%；结构转型差值T同比变化:较稳健前置信号候选,lag=1,q=0.0020,gain=28.07%",一般结构项
3.酒、饮料及精制茶制造业,消费与轻工制造,0.006816352572019222,0.006305425407063299,0.010131595297684565,0.03688428941638717,0.11433756500567498,0.8493520695792178,0.0028127588900725,0.0071866771336896,0.0063473659184923,"制造业同比增长率:有预测增益候选,lag=2,q=0.2479,gain=28.21%；结构转型比值R同比变化:较稳健前置信号候选,lag=1,q=0.0005,gain=20.93%；结构转型差值T同比变化:较稳健前置信号候选,lag=1,q=0.0029,gain=17.38%",一般结构项
25.铁路、船舶、航空航天和其他运输设备制造业,装备制造,0.005845861992318772,0.006094503080971546,0.006684849407962888,0.12274123512682447,0.2797755979331182,0.8664573454910418,0.0074021386664515,0.0058396628723538,0.0061394863679974,"制造业同比增长率:仅相关或检验候选,lag=1,q=0.1609,gain=-1.65%；结构转型比值R同比变化:较稳健前置信号候选,lag=3,q=0.0088,gain=29.72%；结构转型差值T同比变化:较稳健前置信号候选,lag=3,q=0.0298,gain=22.13%",一般结构项
9.家具制造业,消费与轻工制造,0.006201475502354874,0.006061634029949035,0.006969329791097554,0.1038287222627664,0.34946869997826546,0.9775403504787892,0.0053059253724689,0.0062768887390538,0.0060905705689989,"制造业同比增长率:证据较弱,lag=1,q=0.2479,gain=-39.37%；结构转型比值R同比变化:较稳健前置信号候选,lag=1,q=0.0004,gain=33.78%；结构转型差值T同比变化:较稳健前置信号候选,lag=1,q=0.0029,gain=23.78%",高波动
30.废弃资源综合利用业,其他制造,0.005196430324877079,0.004682132291416,0.006755450824352378,0.06425778846033967,0.3964072780708938,0.9140975055814154,0.0003808749425656,0.005757750020823,0.0047259814086679,"制造业同比增长率:仅相关或检验候选,lag=2,q=0.1043,gain=-13.30%；结构转型比值R同比变化:较稳健前置信号候选,lag=1,q=0.0003,gain=36.17%；结构转型差值T同比变化:较稳健前置信号候选,lag=1,q=0.0020,gain=31.67%",高波动
11.印刷和记录媒介复制业,消费与轻工制造,0.0038595187814554565,0.0038119107223079877,0.004369257936921912,0.1015966085018908,0.3223239655045688,0.9663951549515019,0.0034331064269678,0.0039301428197014,0.0038347665013646,"制造业同比增长率:仅相关或检验候选,lag=1,q=0.1476,gain=1.48%；结构转型比值R同比变化:较稳健前置信号候选,lag=3,q=0.0023,gain=35.68%；结构转型差值T同比变化:较稳健前置信号候选,lag=3,q=0.0071,gain=24.36%",高波动
28.仪器仪表制造业,先进制造与技术相关行业,0.00245247787865778,0.002719445884385973,0.003110552880159146,0.15316348055400353,0.1874011266567279,0.9271661990423097,0.0046907433731575,0.0022818201299105,0.0027440684349759,"制造业同比增长率:仅相关或检验候选,lag=1,q=0.1920,gain=-14.32%；结构转型差值T同比变化:较稳健前置信号候选,lag=2,q=0.0020,gain=41.21%；结构转型比值R同比变化:较稳健前置信号候选,lag=2,q=0.0003,gain=39.65%",一般结构项
31.金属制品、机械和设备修理业,其他制造,0.00199073118798645,0.0018318971751147741,0.0026553044885105122,0.030747749961086916,0.2702075710384431,0.9109424443198315,2.513137642356039e-06,0.0022839744881432,0.0018461848469424,"制造业同比增长率:仅相关或检验候选,lag=2,q=0.1978,gain=0.47%；结构转型差值T同比变化:较稳健前置信号候选,lag=3,q=0.0210,gain=34.76%；结构转型比值R同比变化:较稳健前置信号候选,lag=3,q=0.0095,gain=33.45%",一般结构项
4.烟草制品业,消费与轻工制造,0.0017635079941079135,0.0016822080185508919,0.004340432164947404,0.04042145810575718,0.2096927932214959,0.7142662075360523,0.0005839128803818,0.0019621264923322,0.0016976610686505,"结构转型差值T同比变化:仅相关或检验候选,lag=1,q=0.0585,gain=4.77%；制造业同比增长率:证据较弱,lag=2,q=0.7492,gain=-25.93%；结构转型比值R同比变化:较稳健前置信号候选,lag=1,q=0.0038,gain=15.83%",一般结构项
