date,1.农副食品加工业,2.食品制造业,3.酒、饮料及精制茶制造业,4.烟草制品业,5.纺织业,6.纺织服装、服饰业,7.皮革、毛皮、羽毛及其制品和制鞋业,8.木材加工和木、竹、藤、棕、草制品业,9.家具制造业,10.造纸和纸制品业,11.印刷和记录媒介复制业,12.文教、工美、体育和娱乐用品制造业,13.石油、煤炭及其他燃料加工业,14.化学原料和化学制品制造业,15.医药制造业,16.化学纤维制造业,17.橡胶和塑料制品业,18.非金属矿物制品业,19.黑色金属冶炼和压延加工业,20.有色金属冶炼和压延加工业,21.金属制品业,22.通用设备制造业,23.专用设备制造业,24.汽车制造业,25.铁路、船舶、航空航天和其他运输设备制造业,26.电气机械和器材制造业,27.计算机、通信和其他电子设备制造业,28.仪器仪表制造业,29.其他制造业,30.废弃资源综合利用业,31.金属制品、机械和设备修理业
2022-01-01,267730772.854,168334811.184,64810073.592,15392684.4238,836208480.26,298245445.356,260889561.66099998,139565757.6279,58951706.7614,233051559.805,36833805.8998,75262559.2099,304120130.03,722188479.56,71517915.133,279169152.641,412450521.99,1120978213.37,1515159678.11,702454259.53,404357922.309,144413648.21040002,105099551.311,58679902.351,47256342.148,416979904.834,729343951.6,21303849.0027,201078269.953,60989832.9604,21781122.2179
2022-02-01,197222227.546,123455917.809,46620938.3389,9442261.6182,716059387.6700001,233603412.163,193581766.7264,90899832.3172,42344367.0971,164597655.024,27064688.7289,57240831.7717,379348210.25,693080178.26,59310824.955,261460876.025,311140131.931,625748026.92,1439540331.61,670924365.57,302765995.846,101930829.7817,85335660.403,49065907.021400005,41785262.6134,360434065.724,625141629.34,16525283.6035,152854274.118,28860030.3996,14881139.485199999
2022-03-01,289306241.278,194592913.899,83736589.52600001,15708176.0056,1078899138.83,402987531.944,381637755.425,204233143.488,78772479.993,261859649.648,46158522.336,100136266.296,406571795.6,837054723.82,81471924.637,337472070.2,553308455.49,1402175819.73,1956262629.92,949948673.57,595103899.08,229119643.416,123837103.858,76071128.94500001,68940269.547,505466278.26,825682656.48,25250875.4209,258691362.651,70412655.87,28595777.025
2022-04-01,316534125.013,191947745.974,121911334.405,13981982.0172,1029881339.76,379176462.659,332770044.215,194631173.774,74785813.39,240215953.625,42042062.8086,94891267.909,383837460.98,845344390.26,83542816.126,325252831.52,511462100.14,1403498892.34,1871609562.49,883335269.93,555984386.16,219093718.518,119004777.08,60391261.1562,66573260.4622,452245286.771,844581178.48,26001061.5049,248546370.003,75981223.033,23732461.14
2022-05-01,308895651.578,207271236.012,97826141.723,50368247.18,1059980503.23,428594190.936,397630440.602,184359170.548,76610782.1739,258963068.912,46321968.6036,99351457.566,431792287.45,908494617.24,88821797.764,332622126.25,519134198.991,1446089045.32,1830791987.35,954370594.24,571404549.73,216686802.901,122178264.873,70003592.8469,72410454.238,494061303.559,869264875.56,25988411.1755,262340244.499,74604849.124,27642058.5945
2022-06-01,321239929.157,214833433.69099998,87097954.374,51498056.118,997744699.29,449171636.425,407672662.565,153622735.19,76164234.141,246707755.722,47810757.7787,101530353.735,422508063.36,805071526.62,94657351.637,317548637.551,508598266.292,1267696295.83,1636137435.0,856726625.11,540228185.421,203585484.543,130323325.509,79923146.9,73150347.027,520055432.53000003,859490610.6,28938604.2799,269563123.233,66103153.251,29330268.842
2022-07-01,377035075.79,252790822.25,106408330.971,23505636.534,1047903005.65,498523364.4,444316844.0,193735327.457,85545270.42,259248506.178,54153775.698,116404433.222,435784788.49,833396815.18,106139853.991,317106273.39,553806072.02,1413043764.9,1668220812.44,893166647.6,580207005.79,227078753.917,137731580.689,93945159.63,81765962.431,596903521.0,936456116.41,32998060.287,315252494.755,72296357.29,32550033.872
2022-08-01,423351610.0,276317603.0,109197577.0,18028861.0,1066025141.0,509249001.0,454686086.0,193237350.0,88375216.0,256561142.0,57060408.0,116784669.0,439416430.0,858199321.0,105978065.0,312867438.0,564756950.0,1428965560.0,1727909168.0,885174496.0,594163477.0,235704450.0,138155161.0,95897141.0,85079438.0,613693747.0,943281418.0,34226517.0,325776558.0,66722220.0,34677000.0
2022-09-01,399311047.0,256285027.0,83703279.0,19897624.0,1025423191.0,456650080.0,417046140.0,190544192.0,79795826.0,265403424.0,52569431.0,105354400.0,400476250.0,810657083.0,94576110.0,293591779.0,543115081.0,1398117292.0,1609979883.0,865000610.0,564703852.0,213197592.0,125888718.0,89535048.0,72060330.0,589799142.0,874115231.0,30264975.0,295959518.0,66142126.0,30487837.0
2022-10-01,355536654.0,230970787.0,84790563.0,19897816.0,1027163461.0,412810104.0,382347352.0,189247538.0,73159780.0,266451397.0,47318015.0,92327788.0,411358990.0,795398442.0,87198508.0,312230485.0,528330121.0,1412209432.0,1700517318.0,892641470.0,541423382.0,207954379.0,117878461.0,84124565.0,69874974.0,581519640.0,828345277.0,26349443.0,272267992.0,79553454.0,26607398.0
2022-11-01,327416765.49,219746730.017,59917419.961,20312461.5622,940174857.96,379912421.56,355607574.57,175594799.237,71721582.73,263200977.892,46086049.902,90972874.237,406941867.06,835444828.54,87528188.692,295771063.086,525145936.78999996,1348253526.69,1657970208.87,873474936.17,548771531.77,208438619.009,114567738.599,85345863.553,69023774.27,580059059.16,804483822.14,26543029.8013,264311761.573,74116517.388,25104810.3559
2022-12-01,303219918.343,203372434.382,61955009.034,17166376.9051,900274622.05,363158382.571,359113273.176,166743406.313,74144792.29,247154742.578,47806966.186,90945605.566,400360805.97,860162980.55,82658468.198,263553734.478,515157789.37,1328496415.28,1498861117.57,841962217.83,552244908.93,205049687.764,111792790.279,81160771.478,71127847.206,506650171.61,786989374.2,25649051.8281,267341180.646,71777066.623,24951417.2263
2023-01-01,219172219.088,126449630.998,50912213.0462,11080749.8888,431954440.843,139868589.035,113239123.527,63296182.1778,30712902.4875,143536922.992,20923366.0006,38798364.4743,399082901.99,797564192.98,57655324.0,198012168.026,234789305.888,566840542.279,1103609684.0,690720102.66,202106792.542,65892395.6298,70769080.0,41332707.0005,32505054.0,314353281.966,620067055.02,15892785.9999,140812931.989,23891997.4504,11564042.9996
2023-02-01,261485699.053,184360278.194,55283027.93,12750938.8586,864167832.27,314988603.385,303945046.238,137784217.026,59551550.002000004,243368713.001,40053032.999,75640717.682,359888022.0,802896694.92,69526045.001,258595012.997,447733104.01600003,918471659.63,1379712347.4,823626372.0,450536280.81,164619721.0,96814159.611,69810426.998,64082191.999,471239228.99,692505799.26,23383001.9998,213040914.304,51643407.9996,20305897.9994
2023-03-01,299851316.001,220422061.002,78950319.998,14274494.9954,1105544166.98,436553694.97,429452939.99,212981296.999,80244623.0,284629038.001,50109965.0,99809251.0,411129374.98,931940877.0,82587825.998,335528138.97,587910563.99,1537282988.98,1718824379.99,928742130.0,624751836.01,247074311.999,118429714.002,88452469.001,82205537.0,550198236.99,819692439.02,28348922.0001,276554758.998,86446904.999,27690665.9997
2023-04-01,312984481.777,220825186.721,123011973.78999999,12583890.5069,1075069393.41,414173126.25,391854136.578,187818441.071,75443566.262,260650411.564,46806075.696,93866124.266,426244589.63,920801865.74,81729873.812,337562565.92,541465887.18,1427131840.6,1690265766.33,904620690.44,585652291.21,225537492.874,115112600.689,86091588.29800001,77596673.804,520092947.84,827295605.92,27410398.7283,257441470.03,70695196.292,26424036.2133
2023-05-01,349197327.011,238839143.99899998,112833638.006,45799173.9999,1112697154.0,435851480.001,402278199.986,192675159.004,79968604.004,296867874.997,49282293.0015,100685335.001,445403859.99,955764793.99,88230902.999,339203571.01,548576210.991,1442639198.01,1714420793.99,1065024411.0,604047377.0139999,230466153.001,127290296.998,89886702.998,78755253.0,577096807.002,901957969.02,30127140.0004,276057306.012,73534932.0,27888459.0004
2023-06-01,361894254.987,251617154.0,98667875.002,53078471.001,1102804588.0,470184596.01,416757323.002,190127806.998,83477764.999,311130384.006,51239394.002399996,108271986.999,450617931.01,968977365.02,95595254.999,369436064.18,553493986.99,1396457764.99,1613861047.01,1075311397.02,609284056.01,231677683.0,134062335.0,97266037.001,82549324.998,635801808.97,947377540.02,33283973.9995,297078096.01,69799946.999,30656628.0
2023-07-01,392596690.011,264287772.999,106601120.997,23618425.9986,1148260113.0,507303430.015,434098350.004,199055950.996,90644264.0,322231080.015,55236256.9995,115830653.999,471799573.0,990420302.0,98217914.0,392535141.99,573969450.003,1352186181.98,1643847242.0,1135680294.0,624700681.98,236772218.998,142126251.0,106088578.001,81530750.001,725709354.0,1004911599.0,36056314.0021,318096681.993,73571084.0,30859387.9997
2023-08-01,422428689.91,297090739.9,118444994.94,20286539.552,1150463017.82,531071905.71,460512681.07,193689615.357,93870160.968,329006609.54399997,59568889.942,120131380.201,459591307.93,1030320012.66,99880591.086,403724803.46,609242986.5699999,1357058124.79,1834455159.53,1147298598.58,652249671.0699999,245644191.507,145617475.76,112552295.983,86059834.84200001,739317917.31,1034349034.22,38005689.5287,328665134.412,76361654.65,30869884.9966
2023-09-01,405686273.64,281066346.148,92979926.863,23185404.8291,1106944713.5,496550583.24,443944376.725,184507433.97100002,87620608.847,318479238.817,56556026.6219,109823531.099,427522777.19,1157235068.85,96760630.57000001,391524165.85,573646357.7,1299687950.49,1624589568.73,1147566627.48,618609082.717,223963061.877,135326695.278,104045122.005,73080365.27,678736646.4,975326273.06,34541054.4023,302892679.859,73462661.195,28189162.7216
2023-10-01,367019002.48,245418858.167,101727291.746,22851871.598699998,1118239048.81,463653640.833,429216868.521,200186719.34600002,85586125.738,320285941.709,52088706.3369,102124836.663,424189755.421,1114980252.44,89920729.719,375640800.43,569196496.243,1394112914.57,1819015055.8,1183310476.62,617520764.035,225413357.908,129557101.295,100222876.572,69515495.0157,667109305.93,923825338.32,31108017.3378,283040863.555,80312312.316,24483111.4791
2023-11-01,331801881.83,228773665.993,67657257.734,19473790.7899,1112742672.68,434282138.02,413344740.43,207061271.57999998,84175759.208,319842315.648,50612833.757,99090546.137,435747386.0,1194390545.82,88813702.53299999,350775001.2,573783154.16,1424606908.88,1862649825.11,1125992945.6,619928242.36,236424346.854,126098103.401,102468435.493,70133490.95199999,676533717.87,894127875.35,29910104.796099998,275939421.828,65814941.039,25346182.8563
2023-12-01,314196561.092,228151974.626,66264011.08,15415342.0332,1124146823.73,445037559.45,435580853.13,208054502.722,88773604.163,320838760.041,53260314.894,101506190.623,446974539.71,1193699179.84,89276631.287,351786925.40999997,578857985.2,1453627591.05,1894896009.66,1157699223.1,630175341.15,247484538.975,124786756.031,104528696.47,72076805.571,642078061.5,904699413.71,30087592.0742,281987007.071,63297079.188,25483947.2111
2024-01-01,316461947.994,236579170.457,75049785.9,16631103.5388,1053643723.35,420422175.281,396747813.117,199926964.112,84026328.415,334633146.818,53330947.583,96847587.093,440073708.28,1175898733.88,89301197.476,323736660.729,551504608.352,1289738324.62,1752808599.16,1115029595.55,592855873.33,216783070.137,124482447.414,91520450.298,69865377.844,636574670.7,908921064.48,30107494.479199998,270012652.2,66177641.839,24824479.0267
2024-02-01,194567680.722,122317293.129,49656327.81,6720716.6144,573142734.72,168975350.979,122372685.3218,63827381.4956,31529230.8399,141991054.6,19571730.8673,38533782.8163,408696657.02,988168429.36,59841066.615,251446703.267,230802490.407,427312176.676,1211133088.93,867294145.67,212198903.89200002,71262001.8634,73637924.2678,45737905.1441,29066176.529600002,394375730.422,692198394.65,17337282.7949,118963120.408,18854167.9328,9868877.187
2024-03-01,304447635.462,229858891.002,79280083.897,15073291.6899,1173713998.61,472674781.71,459776559.95,204817894.034,89231440.931,338572722.603,54609141.477,104242638.0,441987831.44,1041305485.09,88300173.391,353912411.89,606652290.76,1336504288.63,1880600253.32,1117932382.47,661093600.78,250011343.156,129829386.502,104985457.917,81635644.079,683075080.92,943283855.68,32162757.9277,287066206.715,75005659.635,24697395.5051
2024-04-01,330928007.033,236790853.676,128771815.141,14053517.8795,1165083922.34,479270860.1,456854484.51600003,197026813.578,88957696.376,313546220.956,53454050.9549,104169613.013,434326364.86,1266374370.56,92315597.649,354590156.02,594099326.55,1385363011.84,1919816737.16,920965838.43,657086865.02,252804491.43400002,132670293.006,100756552.03,81179326.39,702925428.95,982545815.37,32405841.649800003,290074430.726,77272949.059,25139705.1336
2024-05-01,335709421.27,244688100.819,113556809.352,43546203.3722,1208329362.85,480583234.896,456117947.178,200758363.783,91132937.818,308732128.046,53872944.9494,106363051.283,429198020.96999997,1316689976.88,98907464.08,364968625.1,593970739.151,1428856033.32,2179751273.48,972779012.71,658621454.23,256384390.111,137703417.799,102297281.361,81163119.22,733717071.68,1014239910.05,33899288.5811,294213760.181,78342607.951,26749175.4781
2024-06-01,344936586.837,260440852.092,97677642.253,53187002.3154,1204855458.06,509611129.58,457202335.494,194490206.259,91752000.679,289057867.909,54994946.8393,111713311.327,450242924.21,1326494740.29,107075066.273,381717683.43,586554365.72,1315679055.97,2036649294.19,937644677.39,640852800.6,250033685.94,143642767.227,106415616.603,83651506.66,748179934.5,1045656021.85,36174340.034099996,310106019.042,72466052.805,26729629.0413
2024-07-01,401099575.11,300814307.851,111123676.06,22983255.5794,1278443943.31,580015967.75,497841080.39,222775798.61900002,104261760.376,319666770.532,62257435.125,129417011.716,476451546.19,1398427856.11,122376200.806,404045423.01,626169033.07,1351604902.38,1788660169.07,940603298.5699999,685372332.89,264221071.522,157728436.811,114104045.921,91427927.641,859653894.85,1142879849.23,41815755.415,358203790.108,77396934.77600001,28241132.3211
2024-08-01,433728706.96,315512286.356,116464190.58,21153139.0898,1257729025.6100001,569630848.8199999,501353684.47,212232035.229,104184350.429,329405368.697,64191661.649,126822475.951,479203835.08,1439051313.54,121109565.84,403217928.38,633489719.63,1288245470.4,1951219291.06,943105150.24,677406239.28,264068258.545,156359087.405,113938047.409,94954597.889,875545452.74,1144184866.3,41049788.58,352242107.898,76407388.411,30930907.0163
2024-09-01,421495299.767,300389268.076,97069051.759,22274017.5291,1193792410.39,532741853.36,480962770.949,208095540.965,97630091.488,303252434.308,60477274.0563,117909966.38,464230801.72,1382731021.71,112379423.477,390687736.84,609231398.38,1297450612.16,1645508435.45,887335926.19,642841144.66,246092933.037,146743994.483,113992418.621,87894125.758,846470423.6800001,1093182008.31,38002540.86,327517761.776,73273971.72399999,30318236.0105
2024-10-01,367826919.17,264488584.319,104067539.075,23217868.6438,1204005735.36,493794945.469,459842935.34,209831432.231,90170533.148,298965001.301,54623541.7007,107696688.884,363550439.705,1408991604.5,109230179.869,377621673.69,597031462.171,1374003645.7,1908436037.3700001,909282517.48,641253540.485,248418102.078,136453807.915,112064274.03,83611389.779,808067416.26,1046138264.05,33860147.2913,303048685.431,76006142.83500001,26101284.8907
2024-11-01,328324789.638,254677155.667,66764240.232,19615929.0054,1151475999.98,463630897.87,436409674.66,213658286.578,90184621.288,285529084.839,54494144.474,106211929.26,277393314.273,1383478871.22,105865064.745,377560245.39,600804018.06,1393571801.35,2072560902.2,906412536.03,642905444.65,252403863.996,134416404.165,114465434.461,82956461.098,793015395.8100001,1004030376.21,33580812.2238,298061286.98,78053828.971,23594147.7655
2024-12-01,324391090.311,254456956.514,70123611.297,15635661.5715,1174914113.69,473715730.81,455624512.637,232349209.468,95071477.227,311153118.098,57777727.932,109659202.031,406560960.28,1391488991.68,103960355.719,384009849.54,627755795.57,1445497510.53,2227328445.41,912246623.38,684621148.8,266407826.402,137164808.928,118034390.597,88473004.281,782928230.88,1014925450.76,34001024.5487,312786448.015,84658396.572,26061425.324
2025-01-01,272295774.774,197932564.365,65630684.084,16345877.0065,829280787.32,310810452.46,266906996.627,144041166.9253,61741515.9118,229296331.93,38104657.2252,73891910.337,471240080.44,1383737521.7,86354666.169,322171870.196,415673894.915,1033720972.205,1627371015.33,733180037.6,428174486.066,154694861.3477,106738962.672,84079340.9733,57138961.1719,653767163.79,888965869.3,25211929.8826,219939014.034,47762105.0471,18019304.6467
2025-02-01,228621405.938,167642116.931,54522337.472,12266662.581699999,841252358.9300001,294520383.685,259668565.764,112131085.4365,57665553.0184,201405632.447,35572448.198,68173019.9531,433809413.76,1162758100.01,80559450.729,304068123.839,399677543.809,683945750.69,1513823559.09,822276423.24,402503093.59499997,153071501.4114,100528262.09200001,77793205.3469,55276034.860700004,616559784.49,832203713.29,24563177.5505,200493649.064,34672017.3274,16155162.2792
2025-03-01,301899223.391,243461406.28,73767820.532,15460199.1258,1205027583.74,490521831.2,476331472.55,219248318.613,92916137.16,308404652.293,55973941.452,111985269.779,495971277.2,1413583918.08,107306616.829,394040047.12,640020914.5600001,1449698506.52,2232112892.64,973887335.6,697054948.89,282104968.069,138890813.87,120263211.028,94436276.829,800983563.71,1038736166.27,34947751.0851,321703400.061,77230358.851,27452563.1152
2025-04-01,320281180.935,248151654.15399998,117300571.984,12679751.8235,1157898802.33,467686574.17,440479772.645,204672827.442,84595480.337,301319959.925,53337417.5163,105458448.998,497584759.73,1454836441.3,104705212.279,396352420.98,596714825.44,1412789902.03,2153845567.5,931560779.25,668955593.5,272722646.144,134191657.26,115033721.47,90073360.38,793414945.02,1035023486.94,35928639.6699,313837875.03,73240939.27,25141007.3186
2025-05-01,342824511.973,266854632.636,118187799.693,45297388.1955,1186319009.82,483254190.352,438081839.238,193507884.504,85097290.0782,281232927.73,54404257.041999996,107892398.227,519793433.23,1490960653.89,118303799.029,406575054.91,588063950.46,1376297688.58,2296290444.4,911518410.02,660363045.793,273481073.745,140694984.323,118657509.026,94168888.059,842586148.79,1095131183.62,38557812.8434,381439418.446,73957148.474,25851029.5313
2025-06-01,371744567.669,284099615.866,107797378.585,62743732.981,1188216990.92,526563561.6,465394234.008,198897079.438,92863501.045,296278238.785,59969129.218,120761327.222,505160106.46000004,1181292846.33,126461137.971,404006336.31,609776468.4,1362180411.56,2095332168.9,888274049.0,682065416.92,281360730.008,151292093.14,125344985.168,98520030.834,896393098.87,1139881622.0,43121666.726,413302899.88,69426576.098,28706644.1128
2025-07-01,403964521.99,308575920.238,108796593.943,28425139.1543,1235317132.2,554552831.72,482796168.32,212234709.146,98785750.418,293220953.158,63832626.386,128780722.412,513854121.88,1402074894.53,134542528.54,422847393.27,641011479.49,1339653882.12,2015168858.77,893124822.99,711881042.37,292215310.505,157293229.665,134140971.648,103366998.208,974839777.72,1205616369.94,47301064.558,452687700.81,70857800.128,31114793.3091
2025-08-01,441880126.3,323518950.421,113559680.822,19258397.8677,1251533972.49,559453961.32,487800514.15,211636709.168,101815803.309,297619435.336,65003492.014,128479431.001,510156887.95,1582466063.24,128532691.647,419671404.88,647393755.78,1322651940.94,2261822511.98,920606363.96,706787920.74,290585314.92,156769445.057,140978960.182,103664894.393,996967763.49,1215771298.6,49171377.199,439357103.37,72861296.934,32082643.8477
2025-09-01,452072298.3,332728987.45,97282517.875,23669719.3785,1205291672.89,548846490.49,492761135.07,213701650.886,101310261.703,311806038.219,66049571.611,127554060.763,492686211.9,1648523473.33,138732369.6,409158560.18,651812492.96,1280621316.28,2235522145.79,871331651.29,704601756.64,282211544.63,160025951.441,145180777.399,99475600.645,987999953.14,1195125702.57,49136297.753,368084227.01,72186852.566,31153115.9037
2025-10-01,404190720.73,294250996.186,105565576.74,23310029.2446,1212111323.15,512596779.29,461660747.876,204988839.097,92841779.825,301946885.514,59100070.4199,114307854.879,495924850.96,1683945485.03,128882823.105,404981304.96,614833126.57,1337022609.53,2190347604.2,886847695.77,651077644.15,266018189.856,147051471.407,133152531.992,90745884.787,962675908.5,1150610405.3700001,43243618.423,335498342.637,77156102.279,28463616.6764
2025-11-01,335861959.45,262229371.668,70368693.09,19440522.2528,1141801544.95,456552616.02,423503748.487,205710030.302,90335755.019,309525084.38,55673341.166,104882816.291,462818306.79,1659228746.89,116024452.507,387025068.55,616160964.35,1332600344.67,2197009734.59,866123290.04,645145845.02,266340336.954,138058284.121,127689109.975,88021754.987,916993824.99,1066381704.13,41825797.268,309877931.47,69145902.251,27571723.0509
2025-12-01,350444638.33,264694036.953,68873233.181,15749721.1299,1159962929.09,466457039.67,434147290.28000003,226335134.001,97114495.096,314121845.864,58543574.089999996,109746257.461,364321090.72,1703181529.63,118895621.321,391150457.18,643667937.51,1412938099.88,2149058774.74,896680307.94,674442518.99,282414302.419,142215347.036,130469742.134,90684495.122,942571562.89,1086770611.56,43253139.468,326098669.529,81747256.363,28713418.8926
