date,制造业用电量,制造业同比增长率,制造业同比变化量,制造业同比变化量绝对值,低变化阈值,HHI集中度,有效行业数,结构熵,结构熵标准化,前5行业占比,最大行业占比,行业占比L1距离_同比,行业占比L2距离_同比,行业占比最大变化_同比,传统高耗能与材料行业占比,传统高耗能与材料行业同比增长率,传统高耗能与材料行业同比变化量,消费与轻工制造占比,消费与轻工制造同比增长率,消费与轻工制造同比变化量,装备制造占比,装备制造同比增长率,装备制造同比变化量,先进制造与技术相关行业占比,先进制造与技术相关行业同比增长率,先进制造与技术相关行业同比变化量,其他制造占比,其他制造同比增长率,其他制造同比变化量,装备与先进制造合计占比,结构转型差值T,结构转型比值R,结构转型差值T同比变化,结构转型比值R同比变化,传统高耗能与材料行业正向贡献占比,消费与轻工制造正向贡献占比,装备制造正向贡献占比,先进制造与技术相关行业正向贡献占比,其他制造正向贡献占比,装备与先进制造正向贡献占比,结构状态
2022-01-01,9794599865.9,,,,609802678.7000008,0.07202784160031718,13.883520285794548,2.9247175131936154,0.851697265899427,0.5027136248865597,0.1546933717409982,0.0,0.0,,0.5162559476100016,,,0.2506766230627626,,,0.12014653863098552,,,0.08394071498500703,,,0.028980175710855118,,,0.20408725361599256,-0.31216869399400904,0.39532184483454597,,,,,,,,0.0,同比信息不足
2022-02-01,8122266310.6,,,,609802678.7000008,0.07682399934671878,13.016765704774661,2.8799573543529244,0.8386628088163518,0.5103689206324211,0.17723382570346422,0.0,0.0,,0.5394112865824456,,,0.23418750556455065,,,0.11589348162113683,,,0.0863032201965215,,,0.02420450604361891,,,0.2021967018176583,-0.33721458476478733,0.37484699865795973,,,,,,,,0.0,同比信息不足
2022-03-01,12469466151.9,,,,609802678.7000008,0.0717789720068736,13.931656751844251,2.9278698318037892,0.852615242124282,0.4991665970336336,0.15688423274014182,0.0,0.0,,0.5166856455477284,,,0.25165699721559065,,,0.12819621174098358,,,0.07477509022275403,,,0.0286860552960799,,,0.2029713019637376,-0.31371434358399086,0.3928332511513295,,,,,,,,0.0,同比信息不足
2022-04-01,12032787613.7,,,,609802678.7000008,0.07206757105773338,13.875866569707188,2.9270726684549837,0.8523831028350719,0.5014357145230696,0.15554247465974286,0.0,0.0,,0.5172816729993007,,,0.2520421204889233,,,0.12243984830829842,,,0.07929376689276685,,,0.02894259130606498,,,0.20173361520106525,-0.31554805779823547,0.38998794221990146,,,,,,,,0.0,同比信息不足
2022-05-01,12534874920.9,,,,609802678.7000008,0.06977005038806107,14.332797445866806,2.946046358703885,0.8579083681080817,0.494598213903427,0.14605586405153773,0.0,0.0,,0.5124339012055981,,,0.25657797779074926,,,0.12339532527515994,,,0.07850697280263277,,,0.02908582291552079,,,0.2019022980777927,-0.31053160312780537,0.39400651987071733,,,,,,,,0.0,同比信息不足
2022-06-01,11864730091.6,,,,609802678.7000008,0.06598568963993248,15.154801070607151,2.9805849529938873,0.8679662373525829,0.4734870176109013,0.13789925454421872,0.0,0.0,,0.4900479661041259,,,0.2659221224442725,,,0.13040885970304833,,,0.08285789553804568,,,0.030763156220840665,,,0.213266755241094,-0.27678121086303187,0.4351956746939724,,,,,,,,0.0,同比信息不足
2022-07-01,12787420466.6,,,,609802678.7000008,0.06441850332297905,15.523490121871319,2.993334619897619,0.8716790254745304,0.4659884581541691,0.1304579619319859,0.0,0.0,,0.47816721050119415,,,0.2705448218900909,,,0.13432200715878195,,,0.08411344832973852,,,0.03285251212426102,,,0.21843545548852047,-0.25973175501267365,0.4568181395365146,,,,,,,,0.0,同比信息不足
2022-08-01,13059519219.0,,,,609802678.7000008,0.06444083425792883,15.518110705976149,2.992418973339134,0.8714123830836417,0.4633674242920075,0.13231032008330781,0.0,0.0,,0.4760733728968066,,,0.2732776455359647,,,0.13497383666586263,,,0.08296522879828996,,,0.03270991610307611,,,0.2179390654641526,-0.25813430743265403,0.45778461445562285,,,,,,,,0.0,同比信息不足
2022-09-01,12319652118.0,,,,609802678.7000008,0.06519745441512396,15.338022150877539,2.9820541702744716,0.8683940832335069,0.46857136481684536,0.1306838754519448,0.0,0.0,,0.4806091861432544,,,0.2720842787518718,,,0.1343531997613506,,,0.08108640620951015,,,0.03186692913401307,,,0.21543960597086076,-0.2651695801723936,0.44826360415559147,,,,,,,,0.0,同比信息不足
2022-10-01,12157804986.0,,,,609802678.7000008,0.06778435281682332,14.752667222512908,2.960034812747454,0.861981899315565,0.4820670314048414,0.13987042233019742,0.0,0.0,,0.497843670380452,,,0.26172662406282815,,,0.13183098452768685,,,0.07747230927660152,,,0.031126411752431443,,,0.20930329380428836,-0.28854037657616366,0.42041971457493643,,,,,,,,0.0,同比信息不足
2022-11-01,11781961598.4,,,,609802678.7000008,0.0678897337405324,14.729767593755744,2.956597054127233,0.8609808010541239,0.47999803012411757,0.14072106711798768,0.0,0.0,,0.5044153571178728,,,0.2504391556936413,,,0.13632760325573665,,,0.07796282757856218,,,0.03085505637416677,,,0.21429043083429883,-0.29012492628357395,0.4248293153854612,,,,,,,,0.0,同比信息不足
2022-12-01,11331003326.4,,,,609802678.7000008,0.06699089700371734,14.927401254897509,2.9628039129617805,0.8627882797850991,0.4791947541511402,0.132279646770363,0.0,0.0,,0.5037996103793995,,,0.2502033975039731,,,0.13485356355927158,,,0.07901302898218696,,,0.03213039957786063,,,0.21386659254145854,-0.2899330178379409,0.4245072606951814,,,,,,,,0.0,同比信息不足
2023-01-01,6977407051.2,-0.28762714692491786,-2817192814.7,2817192814.7,609802678.7000008,0.07763600963285437,12.880620793483121,2.8547524797549295,0.8313229810601287,0.5415767704550228,0.1581690269611255,0.2422586277503274,0.07411787209429996,0.040573342397903986,0.571934368819242,-0.21079743492805736,-1065901537.407999,0.1992064809117238,-0.4338950021574156,-1065332514.0765996,0.10418760232904499,-0.3822508715448538,-449827960.0250999,0.09940872876272992,-0.15635600981095266,-128550550.71580005,0.0252628191454997,-0.3790049193987993,-107580252.69229999,0.2035963310917749,-0.3683380377274671,0.3559784866786365,-0.056169343733458055,-0.03934335815590945,,,,,,0.0,制造业回落型
2023-02-01,9931809945.6,0.22278802070777304,1809543635.0,1809543635.0,609802678.7000008,0.06695017402019439,14.936480967149793,2.9577269882974013,0.861309845428166,0.4821754476223714,0.13891852088966336,0.13810405156052413,0.04663224686615562,0.038315304813800855,0.502519001098494,0.1391571329817849,609681092.3970003,0.25709107107610335,0.3423768325511223,651246369.8282001,0.1326144999372953,0.3992108928575109,375784288.0185,0.0790807365991488,0.12045619111305683,84437108.36229992,0.02869469128628026,0.4496277965573863,88394776.30019999,0.2116952365364441,-0.29082376456204995,0.4212681233419703,0.04639082020273738,0.04642112468401055,0.3369253333471584,0.35989536658062304,0.20766798919329688,0.046662101279849384,0.04884920959907221,0.25433009047314625,消费轻工扩张主导型
2023-03-01,12796615244.0,0.026236014285996756,327149092.1000004,327149092.1000004,609802678.7000008,0.06784778534399667,14.73887459892576,2.955726834561577,0.8607273873068277,0.4862484668254358,0.13431867311912124,0.06327050513961079,0.025505695269803653,0.02256555962102058,0.5041456925052797,0.00132928126465659,8564285.579999924,0.2588827674169305,0.05570209587170738,174794759.26779938,0.13371599226633746,0.07042294843283226,112573781.89599991,0.07272463610675861,-0.0019050398164714988,-1776269.5197999477,0.030530911694003265,0.09223526225487388,32992534.450700045,0.20644062837309607,-0.29770506413218367,0.40948605024713974,0.01600927945180719,0.016652799095810245,0.02603717010113949,0.531411620657734,0.3422471939749063,0.0,0.1003040152662202,0.3422471939749063,低变化波动型
2023-04-01,12364260189.4,0.027547446721539304,331472575.69999886,331472575.69999886,609802678.7000008,0.06780953932732325,14.747187636431248,2.9567021344953877,0.8610114011588702,0.4867165090620783,0.13670577458237906,0.0555992290352125,0.02119109754673752,0.018836700077363794,0.505334982451805,0.003816098773961496,23752698.180000305,0.26003066569629657,0.06011584923669244,182317502.34210014,0.13022077908837118,0.09284706662999476,136790904.56759977,0.07573731578886665,-0.018539684643334664,-17689177.650600076,0.028676256978097916,0.018091791704930582,6300648.359300017,0.20595809487723782,-0.29937688757456715,0.4075674592682301,0.01617117022366832,0.017579517048328663,0.06802777780032458,0.5221577121239026,0.391769439855273,0.0,0.018045070220499712,0.391769439855273,低变化波动型
2023-05-01,13033347520.9,0.039766858715827524,498472600.0,498472600.0,609802678.7000008,0.06650236023846606,15.037060284990961,2.969875893354044,0.8648476876894229,0.48265008977184204,0.13154109420015012,0.04624529341070802,0.017521810545260218,0.01451476985138761,0.4995671931972999,0.013659342143784059,87737982.14000034,0.26217173888220285,0.06243523987834054,200802523.94590044,0.13101335533905015,0.10395871664456857,160797621.8650999,0.07828503079375754,0.036827400765188756,36240927.519899964,0.028962681798139732,0.035364781003605295,12893544.7949,0.20929838613280768,-0.2902688070644922,0.41895942924768287,0.02026279606331316,0.024952909376965537,0.17601365068654887,0.4028356299600549,0.32258066296795,0.07270395103075918,0.025866105354687044,0.3952846139987092,低变化波动型
2023-06-01,13191839840.1,0.11185334501958599,1327109748.5,1327109748.5,609802678.7000008,0.06397379604920729,15.631400069347475,2.9912940898544003,0.8710848095029177,0.466759166020418,0.12233782903460161,0.05619990578462408,0.02028391935427796,0.015561425509617116,0.4872827167503931,0.10557936378423127,613868706.4569998,0.2652587994867495,0.109079909540164,344157390.81970024,0.1357385525206184,0.15729379132542576,243375323.04900002,0.08158503908961506,0.09477314173023865,93170202.50159991,0.030134892162698247,0.08914639357459753,32538125.683000028,0.21732359161023346,-0.26995912514015963,0.44599076499065704,0.00682208572287224,0.010795090296684628,0.4625606187778187,0.25932850783894995,0.18338748797693058,0.07020534858265098,0.024518036823649697,0.25359283655958154,传统高耗能扩张主导型
2023-07-01,13698843109.1,0.07127494125031575,911422642.5,911422642.5,609802678.7000008,0.06296133446614575,15.882763738714893,2.995528959669768,0.872318031866075,0.45878950360450627,0.11999898304609455,0.07324630201561219,0.023663972002558847,0.013056083980314964,0.4789045419912115,0.07292684194802868,445913010.9529991,0.26715862645386135,0.05786664057885593,200193716.46409988,0.13993355633853524,0.1160294244881761,199295850.523,0.08315927249691257,0.05912248906162465,63591796.31410003,0.030844002710858083,0.00578022974376502,2428268.075699985,0.22309282883544782,-0.2558117131557637,0.4658398684377937,0.003920041856909973,0.009021728901279058,0.4892494329667928,0.2196497071351423,0.2186645813555099,0.06977201724058366,0.0026642613019713063,0.28843659859609355,传统高耗能扩张主导型
2023-08-01,14227830245.8,0.08946049293302094,1168311026.7999992,1168311026.7999992,609802678.7000008,0.0635831050508912,15.727448340240876,2.9925354217792868,0.8714462936468496,0.45851151034541954,0.12893428778935032,0.06832921117524096,0.022408901269763287,0.014038921967801349,0.48086678540036987,0.10042988094392147,624401630.5199995,0.2668407732819789,0.06379897932834777,227690560.91400003,0.13926518325286555,0.12409870640839626,218747972.47199988,0.08239030790943963,0.08191090132655154,88749314.83470011,0.0306369043296166,0.020415240066818496,8720896.058600008,0.22165549116230518,-0.25921129423806466,0.4609498886011741,-0.001076986805410629,0.0031652741455512334,0.5344484171231155,0.19488876057709778,0.18723446884529973,0.0759638164215961,0.007464537032890892,0.2631982852668958,传统高耗能扩张主导型
2023-09-01,13574050642.1,0.10182093715675822,1254398524.1000004,1254398524.1000004,609802678.7000008,0.06359462708954898,15.724598850023575,2.985917755984267,0.8695191851863473,0.46677473777788797,0.11968347633029493,0.08883108916505673,0.03281621281457497,0.019451535058169475,0.4878258296571055,0.11836545846182456,700834538.289999,0.2657529840880953,0.07618199523825209,255360803.3010006,0.13509312893378925,0.10788904313156267,178576291.54699993,0.08152525632990396,0.10778413460904535,107671642.0323,0.029802784330338564,0.030451714460479895,11955022.775600016,0.2166183852636932,-0.2712074443934123,0.4440486175485111,-0.006037864221018707,-0.004214986607080362,0.5587017611851264,0.20357234517868739,0.142360119460798,0.08583529028109677,0.009530483894291461,0.22819540974189476,传统高耗能扩张主导型
2023-10-01,13630873936.7,0.12116240985903914,1473068950.7000008,1473068950.7000008,609802678.7000008,0.0668344921982441,14.962334074953478,2.9588111693703922,0.8616255661948523,0.4863707036707451,0.1334481607156862,0.07308303734876855,0.026787750920487026,0.01637528301161835,0.5047692307533539,0.13675902867589218,827759493.5240002,0.25738620489347547,0.10256928876127214,326377656.94860077,0.13273829023421638,0.12887863117116805,206563499.7557001,0.0766534919352175,0.10931266338481427,102960857.37680006,0.028452782202458997,0.02485921329532692,9407443.35009998,0.20939178216943388,-0.29537744858392,0.41482675530147217,-0.006837072007756351,-0.00559295927346426,0.5619285458343585,0.22156305496559647,0.14022663339808736,0.06989547726875638,0.00638628853320124,0.21012211066684372,传统高耗能扩张主导型
2023-11-01,13548343205.9,0.14992253987144855,1766381607.5,1766381607.5,609802678.7000008,0.06855509949975802,14.586806923145517,2.939879441290098,0.8561125205854897,0.496029868446455,0.13748174199623595,0.06492591261043112,0.02284534299462952,0.017248877084915293,0.5143024250917718,0.17246222300359948,1024943399.5640011,0.24865467479003908,0.14172887379978794,418194358.6886997,0.13518895329817043,0.1403180341076904,225379750.56899977,0.07475834257269375,0.10265758487459498,94296642.04579997,0.027095604248011367,0.009813292135534057,3567456.4063999653,0.2099472958708642,-0.3043551292209076,0.40821758877260067,-0.01423020293733368,-0.016611726612860533,0.5802502671808393,0.23675198890578872,0.12759403157329846,0.05338407151517517,0.002019640824898368,0.18097810308847362,传统高耗能扩张主导型
2023-12-01,13694729821.9,0.2086069898146421,2363726495.5,2363726495.5,609802678.7000008,0.0688657166297604,14.521013487396845,2.9369859463901804,0.8552699155530252,0.4982989015575359,0.1383668049171563,0.07585193683553616,0.021915139091814684,0.011252517659825892,0.5168076731716102,0.2398131187808279,1368986392.922,0.24836024819891744,0.19970366094067327,566170968.1901002,0.1329803671471291,0.19181871802369277,293104022.4299998,0.07477793650471025,0.14382574504115397,128766742.84510005,0.027073774969783217,0.018398591335770265,6698368.974799991,0.20775830365183934,-0.3090493695197709,0.40200313276473254,-0.019116351681830013,-0.02250412793044887,0.579164465773923,0.23952473744361538,0.1240008194709141,0.05447616003702648,0.002833817274521073,0.1784769795079406,传统高耗能扩张主导型
2024-01-01,13054517343.2,0.8709697237679199,6077110292.000001,6077110292.000001,609802678.7000008,0.0674061454720709,14.835442569763028,2.950538176373985,0.8592164154019776,0.4892650420267741,0.1342683573110441,0.23816549296873582,0.061899644984840775,0.02423067170014853,0.5093095405809319,0.6661050330308691,2658171332.748,0.25158346397000786,1.3629002527138154,1894355989.1006002,0.13268065330850615,1.3826393901067742,1005122578.5847,0.07877194762553585,0.4825652729286809,334714591.4153,0.027654394534452082,1.048090302396433,184745800.6267,0.211452600934042,-0.2978569396468899,0.41517502439254056,0.07048109808057718,0.05919653771390404,0.43740712358624745,0.31171986321298106,0.16539482257369037,0.05507791948909415,0.0304002711379869,0.22047274206278453,其他扩张型
2024-02-01,7661401212.9,-0.228599695839512,-2270408732.700001,2270408732.700001,609802678.7000008,0.08224794789674116,12.158358057218132,2.8068278672996847,0.817367013957907,0.5654235658662592,0.15808245192677503,0.2956928040586199,0.0831436714033185,0.048139193398234525,0.5723305136333203,-0.12143435107533751,-606069521.6330004,0.2001208300295958,-0.3995385817659052,-1020173686.7233,0.10784954594567388,-0.37265402663056535,-490823367.28909993,0.10042245833104921,-0.02041991219958994,-16038102.200899959,0.019276652067135084,-0.4817851455717289,-137304054.77519995,0.2082720042767231,-0.3640585093565972,0.36390162557392214,-0.07323474479454728,-0.05736649776804814,,,,,,0.0,制造业回落型
2024-03-01,13666340585.0,0.06796526459665109,869725341.0,869725341.0,609802678.7000008,0.06680137545755456,14.969751642844505,2.9580654940211186,0.8614084205548512,0.47928385564378945,0.13760817986521737,0.06526948790447101,0.026416165946893,0.022336670417171245,0.49602853824969273,0.050770158258915066,327536489.69000053,0.2580280403106827,0.06443927146358264,213475911.42949963,0.13980556839415254,0.1166015994912073,199518408.352,0.07783698791805722,0.14304043096599228,133117599.9806,0.02830086514012485,-0.010041323671834634,-3923068.1416000724,0.21764255631220975,-0.278385981937483,0.43877023100362833,0.019319082194700687,0.029284180756488587,0.37490652549280296,0.24434991138297718,0.22837380139812305,0.15236976172609684,0.0,0.38074356312421986,装备与先进制造增强型
2024-04-01,13871620957.4,0.12191273435771555,1507360768.0,1507360768.0,609802678.7000008,0.06730485186288497,14.857769868318313,2.9570550200338874,0.8611141637836228,0.48438346736151,0.13839887516071786,0.07210161183711433,0.026372094727459692,0.016819593923627613,0.4956548212018549,0.10042145321928597,627442599.5799999,0.2572812410693444,0.11005023155300009,353821047.6714997,0.1389472047101886,0.19709496025960838,317339362.11500025,0.07982248491861463,0.182427200983994,170831376.20850015,0.028294248100055142,0.1069672473912251,37926382.38330001,0.21876968962880322,-0.27688513157305167,0.44137508659420366,0.022491756001515484,0.03380762732597353,0.4162524412983512,0.23472884208784708,0.21052648367970472,0.11333144648569363,0.025160786448403312,0.3238579301653983,多组共同扩张型
2024-05-01,14445843127.8,0.108375504039538,1412495606.8999996,1412495606.8999996,609802678.7000008,0.06993689898589338,14.298603662734674,2.941658969735707,0.8566307311493744,0.49480438720980147,0.1508912463049819,0.0918539952662416,0.03354890490639119,0.01935015210483179,0.5043813377420111,0.11905650943565504,775180842.6300011,0.25221030530264815,0.0662618536065438,226415122.60619926,0.13636356957318005,0.15363841928300181,262344144.388,0.07940323403510384,0.12420725461406401,126730650.69169998,0.027641553357426733,0.057817119578390086,21824846.59769994,0.21576680360828387,-0.28861453413372723,0.4277850655105873,0.0016542729307649773,0.008825636262904446,0.5488023034095124,0.1602943906501287,0.1857309453593558,0.08972109369502052,0.015451266885982553,0.2754520390543763,传统高耗能扩张主导型
2024-06-01,14275885521.4,0.08217547320463692,1084045681.2999992,1084045681.2999992,609802678.7000008,0.06749394924996348,14.816142944851329,2.9619030166388285,0.8625259327612734,0.48538737299151846,0.14266360507983894,0.09433843901675425,0.035871907529088656,0.02032577604523733,0.49278783656918096,0.0944014468338159,606827184.9800005,0.2570712222470106,0.04877264060885489,170667740.63829994,0.13818941799251236,0.10171499570989484,182135066.55099988,0.08328067820205574,0.10466708538458813,112648659.13860035,0.028670844990648314,0.0296000090996682,11767029.879299998,0.2214700961945681,-0.27131774037461287,0.44942281395672523,-0.001358615234453242,0.0034320489660681908,0.5597800863109655,0.15743593060708652,0.16801419876654397,0.10391504813268787,0.010854736182716257,0.2719292468992318,传统高耗能扩张主导型
2024-07-01,14960084183.3,0.09206916702054713,1261241074.1999989,1261241074.1999989,609802678.7000008,0.06299200505407791,15.875030476351904,2.9952204861332485,0.8722282023128034,0.4652391413592107,0.11956217272271023,0.07666354056171708,0.0312723811886668,0.021177713843234178,0.46697345702094756,0.0648621374715006,425524043.42700005,0.2694303409681268,0.10135529567838719,370936473.38430023,0.14522028639786527,0.1333278546664718,255579875.6550002,0.08737061833583058,0.14737365447278394,167885978.44889998,0.03100529726449591,0.09777999549139937,41314703.21240002,0.23259090473369587,-0.2343825522872517,0.4980816387670237,0.021429160868511987,0.032241770329230035,0.3373851773114309,0.2941043397598486,0.20264157336596783,0.13311172772027474,0.03275718184247795,0.3357533010862426,多组共同扩张型
2024-08-01,15138136789.7,0.06398070037198544,910306543.9000015,910306543.9000015,609802678.7000008,0.0639836808054878,15.628985194522151,2.988790146568832,0.870355644501284,0.46772136262684116,0.1288942832375257,0.07422316399211523,0.0318394704441697,0.02264550186228921,0.4714934742290334,0.043241022590789546,295841714.8100004,0.26769528047851054,0.06738789768391151,255842548.92680073,0.14415721786533325,0.10135565864685137,200830296.79599977,0.08629491455043777,0.11440442391399097,134108905.88529968,0.030359112862422995,0.0543333562199102,23683729.26670003,0.230452132415771,-0.24104134181326242,0.48877056632140414,0.018169952424802238,0.027820677720230058,0.3249910757735429,0.281050781691709,0.22061815807675816,0.14732269119812133,0.02601729325986858,0.36794084927487947,装备与先进制造增强型
2024-09-01,14271974893.7,0.05141606363507911,697924251.6000004,697924251.6000004,609802678.7000008,0.06267091302810825,15.95636558783649,2.9963422846123096,0.8725548775192794,0.4633321272824683,0.11529647772687492,0.07327105481385851,0.0283859858614852,0.02236789669346479,0.467852275678923,0.008366855856752231,55403416.160001755,0.2687848043174981,0.0634110540288324,228745514.7263999,0.14602289141910865,0.13648129189264013,250274066.69200015,0.08713327916488554,0.12374169080111286,136936014.61469984,0.030206749431769427,0.06566759772278563,26565465.734899998,0.23315617058399418,-0.23469610509492883,0.4983542513406609,0.03651133929848349,0.05430563379214981,0.07938311079800987,0.32775109909527694,0.3585976342813106,0.1962046309383438,0.03806352488705878,0.5548022652196544,装备与先进制造增强型
2024-10-01,14241702340.1,0.04481212328986439,610828403.3999996,610828403.3999996,609802678.7000008,0.06715497210660108,14.890930166907236,2.9578053440268333,0.8613326631396967,0.4874119063305222,0.13400336503287708,0.08007068002972727,0.031608740966137264,0.02296457307548158,0.4872252779134602,0.008498232702299546,58471629.091999054,0.2582929790832625,0.04849300691363112,170132812.69289923,0.1425299084387932,0.12188409241584974,220529629.79129982,0.08350326125422655,0.13817671563339373,144374505.8334999,0.028448573315277923,0.04465756911231322,17319825.806600034,0.22603316969301976,-0.2611921082204405,0.4639192175352758,0.03418534036347953,0.049092462233803646,0.09572513128747533,0.27852799869336486,0.3610336857783755,0.23635853387514463,0.02835465036563956,0.5973922196535202,装备与先进制造增强型
2024-11-01,14046106963.1,0.03673982490960492,497763757.20000076,497763757.20000076,609802678.7000008,0.07031081104038364,14.222563859000873,2.9314855190578664,0.8536681543917927,0.498723095969786,0.14755411642846997,0.08403943007346014,0.02889733813477988,0.018578044003674757,0.4991975147949099,0.006291082511297841,43835921.752999306,0.24711307998791923,0.03031230559358633,102117879.68449974,0.14382369502717687,0.10295810983504139,188576667.25,0.08140876729636072,0.12896712592132342,130624570.49969983,0.028456942892899878,0.08882775679058441,32608717.993200064,0.2252324623235376,-0.2739650524713723,0.45118906975342615,0.03039007674953531,0.04297148098082548,0.08806571615681602,0.20515330457755745,0.3788477255117959,0.2624228233080438,0.06551043044578686,0.6412705488198397,低变化波动型
2024-12-01,14623783098.6,0.0678402048658382,929053276.7000008,929053276.7000008,609802678.7000008,0.07027863441062045,14.229075570211718,2.935649343575549,0.8548806878899502,0.496051839880234,0.15230863521377255,0.0797565487922131,0.02992528935092868,0.022155084631906415,0.5056754552861186,0.04483855368194156,317346722.42000103,0.24445606088952038,0.05105391073650534,173645914.00230026,0.1420719519620679,0.14084616807391148,256499210.1909995,0.07883642852567138,0.12579608267795916,128823193.95650017,0.02896010335051702,0.14224051611815391,52738236.44090003,0.22090838048773928,-0.28476707479837926,0.43685802460541834,0.02428229472139165,0.0348548918406858,0.3415807578238011,0.18690630376012354,0.27608665351927403,0.1386607174682151,0.056765567428586315,0.41474737098748915,装备与先进制造增强型
2025-01-01,11264220776.7,-0.1371400044470087,-1790296566.5,1790296566.5,609802678.7000008,0.07275283771811138,13.745168317346007,2.9039767521045556,0.8456574178004095,0.5116267054864463,0.14447257804962513,0.15000776649695197,0.04627084874007521,0.03276760574304617,0.5315143862210411,-0.09952108808344429,-661694838.1850004,0.22249907638085611,-0.2368912128524574,-778021974.6930003,0.13179729032759877,-0.14288476495858926,-247488113.70210004,0.08882393955036798,-0.02703149540276062,-27797291.083600044,0.025365307498128202,-0.2085630698669425,-75294349.33789998,0.22062122987796673,-0.31089315634307435,0.41508044861502,-0.013036216696184433,-9.457577752053359e-05,,,,,,0.0,制造业回落型
2025-02-01,10248179536.8,0.33763775737843793,2586778323.8999996,2586778323.8999996,609802678.7000008,0.07200026100431932,13.888838541015978,2.906858309983687,0.8464965466927268,0.504705653915101,0.14771633865839673,0.1728185409399963,0.04819767783422578,0.032966730485964976,0.5191516108137275,0.21334924468694072,935505223.1079998,0.22769327586188237,0.5219361365280937,800235600.4394002,0.13716893588253243,0.7012806699095553,579453239.6771,0.09146271669067389,0.21829305188424586,167949597.50959992,0.02452346075399408,0.7017222146192974,103634663.14279997,0.22863165257320633,-0.2905199582405212,0.440394766790466,0.07353855111607605,0.07649314121654388,0.3616487792838483,0.3093560793566794,0.2240057581774739,0.06492616547748387,0.04006321770451475,0.2889319236549578,多组共同扩张型
2025-03-01,14935423386.5,0.09286193283467048,1269082801.5,1269082801.5,609802678.7000008,0.06964875495431225,14.357758450326552,2.9371362481990113,0.8553136844432048,0.49139276988182345,0.14945092849912694,0.07684643885359986,0.028874834071142188,0.018451488507670533,0.508811480937926,0.1210256177364959,820419948.1199989,0.24070277507936516,0.01948183497874334,68698776.74990082,0.14286396355691286,0.11676944730164229,223103269.04199982,0.07907312056861991,0.11021772156529508,117243747.18539989,0.028548659853366253,0.10243073604681197,39617060.17210001,0.22193708412553276,-0.2868743968123933,0.4361872568528159,-0.00848841487491031,-0.0025829741508124338,0.6464668399094008,0.05413261977956434,0.17579882795578103,0.09238463169473803,0.031217080660515654,0.26818345965051904,传统高耗能扩张主导型
2025-04-01,14619816222.9,0.0539371186538129,748195265.5,748195265.5,609802678.7000008,0.06945040892686313,14.39876331114307,2.9398851735295173,0.8561141898518783,0.49346681860471064,0.14732371013845488,0.05507936966343295,0.015596096239959847,0.008924834977737023,0.5091503602193341,0.08263339860176822,568148890.8100004,0.24034928953182064,-0.015423601709915746,-55045413.30359936,0.1418890560693055,0.07625153909431348,146968966.944,0.08041532950649469,0.06176474914410468,68390084.22009993,0.028195964664241974,0.05027614272732661,19732736.69999993,0.22230438557580018,-0.28684597464353395,0.4366183409553807,-0.009960843070482284,-0.004756745638822946,0.7073208639630116,0.0,0.18297002485805364,0.08514270508932717,0.024566406089607563,0.2681127299473808,传统高耗能扩张主导型
2025-05-01,15055645806.5,0.04221302095732149,609802678.7000008,609802678.7000008,609802678.7000008,0.06974035675527201,14.338899978804669,2.945651820551113,0.8577934759639709,0.49449881300314313,0.15252022224172002,0.06520526366144874,0.017371554687219373,0.007883369265397261,0.504096584964384,0.04162463072479383,303285953.87899876,0.23930917184124975,-0.011098556705783635,-40436376.12789965,0.14147195524594716,0.08125589788474419,160064915.33500004,0.0831576945674343,0.091492470352736,104946132.78130007,0.03196459339150567,0.20521140803697913,81942052.8412,0.22462964981338146,-0.27946693515100257,0.44560835465539256,0.009147598982724658,0.017823289144805243,0.4664222359809798,0.0,0.24616318282396618,0.16139623112562584,0.12601835006942813,0.40755941394959205,低变化波动型
2025-06-01,14877228645.8,0.04212299990067647,601343124.3999996,601343124.3999996,609802678.7000008,0.06508256303376761,15.365098628355453,2.9885181662485425,0.8702764420162152,0.4682931348021482,0.1408415652394732,0.05753948287469836,0.019148998196088347,0.013515812424530413,0.4736112185080363,0.001569249871125722,11039645.760000229,0.25376563385700307,0.028722706941702203,105410017.69230032,0.15022800335672448,0.1329091604950634,262200043.4100001,0.0880180346671405,0.1014033544508044,120558998.53989983,0.034377109626206076,0.2495333368535717,102134419.20249999,0.238246038023865,-0.2353651804841713,0.5030413738390414,0.03595255989044158,0.05361855988231612,0.018358313761809884,0.17529096680300912,0.4360240147126654,0.20048287509589574,0.16984382962661987,0.6365068898085611,低变化波动型
2025-07-01,15462876109.8,0.03360889687113322,502791926.5,502791926.5,609802678.7000008,0.06379152429129388,15.67606372648596,2.992263529011292,0.8713671166575936,0.46549109534662747,0.1303230294584611,0.058521334095239665,0.016842612468438743,0.010760856735750876,0.46742503798948726,0.03460843570941741,241773224.64999962,0.25346404131126377,-0.02764222026788432,-111417513.33309889,0.15351201893233707,0.09262550350848153,201229620.48099995,0.08972845369682948,0.06150248001047087,80388157.58700013,0.03587044805303521,0.19579612238798494,90818437.042,0.24324047262916654,-0.22418456536032072,0.5203839179762494,0.010197986926930969,0.022302279209225673,0.3936331957784167,0.0,0.3276237834436894,0.13088069375555597,0.14786232702233784,0.45850447719924536,低变化波动型
2025-08-01,15999860113.2,0.05692400164373712,861723323.5,861723323.5,609802678.7000008,0.06639546087921483,15.061270556117957,2.9710628385935305,0.8651933340674688,0.47714453334199414,0.14136514294359237,0.05643374634622563,0.01710233439859605,0.012470859706066678,0.47905224636348603,0.07386813370181544,527236220.4000006,0.2500997162404804,-0.012547429202542482,-50847299.642100334,0.14973595280408014,0.09782586519855552,213482615.51399994,0.08709297191269647,0.06669845921466044,87131146.72600031,0.03401911268603203,0.18434345810526875,84720640.82639998,0.2368289247167766,-0.24222332164670943,0.4943697196173465,-0.0011819798334470055,0.0055991532959423496,0.5777484030740471,0.0,0.23393544567880775,0.09547879855592165,0.09283735269122351,0.3294142442347294,传统高耗能扩张主导型
2025-09-01,15796644405.7,0.10682961001234847,1524669512.0,1524669512.0,609802678.7000008,0.06670658201287084,14.991024421054176,2.9704792329065346,0.8650233841951357,0.4789045139314678,0.1415187990800972,0.08124276015379135,0.03133952797306215,0.02622232135322229,0.4804600051002843,0.13665656386938863,912479919.2799988,0.25151382170772113,0.03570938803756385,136984425.60809994,0.15063297766178696,0.1417733089661084,295460543.6559999,0.08754988302604098,0.11212161203031168,139430397.27600002,0.029843312501836975,0.09351262745088995,40314225.969199955,0.23818286068782796,-0.24227714441245635,0.4957392044278755,-0.007581039317527516,-0.0026150469127854126,0.5984771861864965,0.08984532355955609,0.19378661498206112,0.09144958707304995,0.026441288198836347,0.2852362020551111,传统高耗能扩张主导型
2025-10-01,15415350819.1,0.0824092830318035,1173648479.0,1173648479.0,609802678.7000008,0.06855618771570471,14.586575381742268,2.9504681059424405,0.8591960104245061,0.4913308504076067,0.1420887289497236,0.07047726649411734,0.02110434869388224,0.010304007639483484,0.49391692517215935,0.09727530382327165,674985296.4040012,0.24565588207434583,0.029451935288272724,108339878.30999994,0.1460052163005788,0.10880167696648124,220853100.14500046,0.08580647060325715,0.11226458619854274,133508255.68770027,0.028615505853155403,0.08876072029497228,35961948.4357,0.23181168690383597,-0.2621052382683234,0.4693333536262922,-0.0009131300478829041,0.005414136091016375,0.5751170887123198,0.09231032992428428,0.18817653164471235,0.11375489175724664,0.03064115796143696,0.301931423401959,传统高耗能扩张主导型
2025-11-01,14809928605.8,0.05437959747185506,763821642.6999989,763821642.6999989,609802678.7000008,0.07072958720137441,14.138354818230411,2.9298926588621814,0.8532043028685242,0.49946372275779316,0.1483470847880784,0.06765154586327389,0.022676793172085416,0.013539353016442754,0.5078327287097502,0.0726184570450108,509184767.35700035,0.2346996785463599,0.001414221394442583,4908729.584400177,0.14735041701634993,0.08023419473162363,162086151.8670001,0.08266292069939858,0.07062298014646462,80755700.7262001,0.027454255020018484,0.01722825483545498,6886293.055399954,0.2300133377157485,-0.27781939099400166,0.4529312994460657,-0.0038543385226293414,0.0017422296926395409,0.6666278342551722,0.00642653901211209,0.2122041885555784,0.10572586088601792,0.009015577291119434,0.3179300494415963,传统高耗能扩张主导型
2025-12-01,15075465078.6,0.03088680794528753,451681980.0,451681980.0,609802678.7000008,0.07006419193451152,14.272625893333538,2.934403444016781,0.8545178736205375,0.4982872439247891,0.14255339808989656,0.06711439322980131,0.024006860460181252,0.017824583407874045,0.5015432796387175,0.022462817185031625,166110021.21000004,0.236555899042093,-0.002428678688632502,-8682216.440600395,0.15009805381083058,0.08912492180835208,185168558.70300055,0.08284450037444432,0.08329745707624658,96032541.32129979,0.028958267125324504,0.030821444216972305,13053074.873599946,0.2329425541852749,-0.2686007254534426,0.4644515511265012,0.01616634934493666,0.02759352652108288,0.36082306707246,0.0,0.40222189359747834,0.20860123817880843,0.02835380115125322,0.6108231317762868,低变化波动型
