日期,actual,target,model,prediction
2025-10-01,893877447,合计,ridge_own_lags_calendar,975700431.9296896
2025-10-02,877524402,合计,ridge_own_lags_calendar,888652248.8751149
2025-10-03,906128774,合计,ridge_own_lags_calendar,878374203.1672444
2025-10-04,947397946,合计,ridge_own_lags_calendar,896399292.9256536
2025-10-05,967898095,合计,ridge_own_lags_calendar,923987473.914343
2025-10-06,909397624,合计,ridge_own_lags_calendar,968459708.8966069
2025-10-07,958058211,合计,ridge_own_lags_calendar,905936055.481617
2025-10-08,1002652065,合计,ridge_own_lags_calendar,939045051.9849823
2025-10-09,1006596066,合计,ridge_own_lags_calendar,983682064.4064106
2025-10-10,988218980,合计,ridge_own_lags_calendar,989577894.0465372
2025-10-11,993216057,合计,ridge_own_lags_calendar,962627726.0003854
2025-10-12,982996119,合计,ridge_own_lags_calendar,958334161.3778253
2025-10-13,994158096,合计,ridge_own_lags_calendar,979764155.9131098
2025-10-14,999440675,合计,ridge_own_lags_calendar,980270349.6839885
2025-10-15,979563855,合计,ridge_own_lags_calendar,981281573.6650997
2025-10-16,973453600,合计,ridge_own_lags_calendar,967544125.6438215
2025-10-17,976535370,合计,ridge_own_lags_calendar,966360503.5035704
2025-10-18,976325746,合计,ridge_own_lags_calendar,958697710.5369675
2025-10-19,896789087,合计,ridge_own_lags_calendar,949718777.148524
2025-10-20,853624251,合计,ridge_own_lags_calendar,910171378.2103263
2025-10-21,795444895,合计,ridge_own_lags_calendar,858221510.6569141
2025-10-22,783518576,合计,ridge_own_lags_calendar,801635310.2387048
2025-10-23,783134792,合计,ridge_own_lags_calendar,791937458.5193483
2025-10-24,786285205,合计,ridge_own_lags_calendar,793308280.5978372
2025-10-25,787344834,合计,ridge_own_lags_calendar,782319886.9842595
2025-10-26,788309358,合计,ridge_own_lags_calendar,772348720.5206884
2025-10-27,788347388,合计,ridge_own_lags_calendar,799374935.0175885
2025-10-28,803213606,合计,ridge_own_lags_calendar,788199430.0223548
2025-10-29,791815205,合计,ridge_own_lags_calendar,795730147.4339827
2025-10-30,801523722,合计,ridge_own_lags_calendar,790278908.5862478
2025-10-31,806599754,合计,ridge_own_lags_calendar,801409326.4977567
2025-11-01,760921367,合计,ridge_own_lags_calendar,794703333.5093812
2025-11-02,744828378,合计,ridge_own_lags_calendar,748518070.9783072
2025-11-03,780447693,合计,ridge_own_lags_calendar,764707942.3465651
2025-11-04,782600645,合计,ridge_own_lags_calendar,786057511.0656865
2025-11-05,784108702,合计,ridge_own_lags_calendar,780810271.1987218
2025-11-06,789959014,合计,ridge_own_lags_calendar,783402390.708169
2025-11-07,808798324,合计,ridge_own_lags_calendar,791781976.6838075
2025-11-08,816286170,合计,ridge_own_lags_calendar,797740139.7042915
2025-11-09,794671570,合计,ridge_own_lags_calendar,796413190.7894362
2025-11-10,803150509,合计,ridge_own_lags_calendar,806012841.9706501
2025-11-11,811031660,合计,ridge_own_lags_calendar,802047186.5994109
2025-11-12,800371284,合计,ridge_own_lags_calendar,803817884.1860104
2025-11-13,795412883,合计,ridge_own_lags_calendar,798096532.4788101
2025-11-14,784929625,合计,ridge_own_lags_calendar,797330291.6054482
2025-11-15,771969074,合计,ridge_own_lags_calendar,779623341.9990119
2025-11-16,748102925,合计,ridge_own_lags_calendar,760786158.4290493
2025-11-17,784946049,合计,ridge_own_lags_calendar,768048565.1360568
2025-11-18,802372785,合计,ridge_own_lags_calendar,788880675.8214962
2025-11-19,785536331,合计,ridge_own_lags_calendar,797580551.6091789
2025-11-20,789566797,合计,ridge_own_lags_calendar,785323491.3045782
2025-11-21,781713368,合计,ridge_own_lags_calendar,791366336.4352893
2025-11-22,777234266,合计,ridge_own_lags_calendar,775037785.9818829
2025-11-23,763587139,合计,ridge_own_lags_calendar,763023941.2077723
2025-11-24,787419759,合计,ridge_own_lags_calendar,779594941.3545412
2025-11-25,779113247,合计,ridge_own_lags_calendar,788351588.4577332
2025-11-26,779056661,合计,ridge_own_lags_calendar,775129154.3277252
2025-11-27,785923784,合计,ridge_own_lags_calendar,777792861.3032216
2025-11-28,793532772,合计,ridge_own_lags_calendar,788060244.5413721
2025-11-29,775439198,合计,ridge_own_lags_calendar,785592457.4155313
2025-11-30,752415007,合计,ridge_own_lags_calendar,761847350.741336
2025-12-01,752093794,合计,ridge_own_lags_calendar,768087788.8406943
2025-12-02,774181582,合计,ridge_own_lags_calendar,757016208.0694475
2025-12-03,779128904,合计,ridge_own_lags_calendar,770072539.0450743
2025-12-04,780611840,合计,ridge_own_lags_calendar,777531525.3140107
2025-12-05,790342731,合计,ridge_own_lags_calendar,781296842.2465197
2025-12-06,783475966,合计,ridge_own_lags_calendar,779310812.0457214
2025-12-07,769662376,合计,ridge_own_lags_calendar,765775662.0881711
2025-12-08,781993536,合计,ridge_own_lags_calendar,782068296.3404182
2025-12-09,790459836,合计,ridge_own_lags_calendar,782253680.7377615
2025-12-10,793331038,合计,ridge_own_lags_calendar,783325196.0378054
2025-12-11,792303023,合计,ridge_own_lags_calendar,788841420.3621005
2025-12-12,805771337,合计,ridge_own_lags_calendar,791876401.0164416
2025-12-13,805919635,合计,ridge_own_lags_calendar,793783577.0682777
2025-12-14,775261923,合计,ridge_own_lags_calendar,786738927.7591593
2025-12-15,800205024,合计,ridge_own_lags_calendar,788302129.3186741
2025-12-16,791223092,合计,ridge_own_lags_calendar,797540650.8469707
2025-12-17,797873177,合计,ridge_own_lags_calendar,784818575.1006709
2025-12-18,807913091,合计,ridge_own_lags_calendar,793179554.1051883
2025-12-19,813412227,合计,ridge_own_lags_calendar,806216677.9222208
2025-12-20,800554656,合计,ridge_own_lags_calendar,800443583.1490701
2025-12-21,775722494,合计,ridge_own_lags_calendar,780906413.1368166
2025-12-22,800416947,合计,ridge_own_lags_calendar,787515460.3040637
2025-12-23,805434213,合计,ridge_own_lags_calendar,798018623.5418351
2025-12-24,803732375,合计,ridge_own_lags_calendar,796503015.6356308
2025-12-25,824337857,合计,ridge_own_lags_calendar,797290202.06027
2025-12-26,812520530,合计,ridge_own_lags_calendar,817574095.4820181
2025-12-27,813024286,合计,ridge_own_lags_calendar,798034473.7232716
2025-12-28,798511867,合计,ridge_own_lags_calendar,790373130.0322324
2025-12-29,801303829,合计,ridge_own_lags_calendar,806897841.876934
2025-12-30,799723069,合计,ridge_own_lags_calendar,797892145.0712149
2025-12-31,783373686,合计,ridge_own_lags_calendar,789216069.6077476
2026-01-01,707758012,合计,ridge_own_lags_calendar,776091503.511831
2026-01-02,741910307,合计,ridge_own_lags_calendar,716519721.8174492
2026-01-03,801935633,合计,ridge_own_lags_calendar,734668745.690532
2026-01-04,820839320,合计,ridge_own_lags_calendar,779751461.1902053
2026-01-05,819629944,合计,ridge_own_lags_calendar,822585478.7072648
2026-01-06,848208043,合计,ridge_own_lags_calendar,808677616.0097649
2026-01-07,836618404,合计,ridge_own_lags_calendar,826325857.7866753
2026-01-08,845715705,合计,ridge_own_lags_calendar,822209212.8178202
2026-01-09,845779172,合计,ridge_own_lags_calendar,834810206.8468704
2025-10-01,893877447,合计,ridge_own_weather,985724267.9190997
2025-10-02,877524402,合计,ridge_own_weather,905743749.934047
2025-10-03,906128774,合计,ridge_own_weather,891587249.5279002
2025-10-04,947397946,合计,ridge_own_weather,904786136.8784518
2025-10-05,967898095,合计,ridge_own_weather,930635818.2999543
2025-10-06,909397624,合计,ridge_own_weather,975534288.125495
2025-10-07,958058211,合计,ridge_own_weather,919999464.3278409
2025-10-08,1002652065,合计,ridge_own_weather,945331840.0740182
2025-10-09,1006596066,合计,ridge_own_weather,984644160.8523749
2025-10-10,988218980,合计,ridge_own_weather,988512343.7740749
2025-10-11,993216057,合计,ridge_own_weather,967364428.8984455
2025-10-12,982996119,合计,ridge_own_weather,962561367.7943628
2025-10-13,994158096,合计,ridge_own_weather,983890938.4795429
2025-10-14,999440675,合计,ridge_own_weather,981690384.8328903
2025-10-15,979563855,合计,ridge_own_weather,983615594.1964508
2025-10-16,973453600,合计,ridge_own_weather,971038407.9653823
2025-10-17,976535370,合计,ridge_own_weather,969286079.0276123
2025-10-18,976325746,合计,ridge_own_weather,960140737.2205132
2025-10-19,896789087,合计,ridge_own_weather,944388164.1894668
2025-10-20,853624251,合计,ridge_own_weather,890379975.089023
2025-10-21,795444895,合计,ridge_own_weather,837071594.2022458
2025-10-22,783518576,合计,ridge_own_weather,784591717.5304177
2025-10-23,783134792,合计,ridge_own_weather,775377772.4653121
2025-10-24,786285205,合计,ridge_own_weather,775192177.4380459
2025-10-25,787344834,合计,ridge_own_weather,766890416.127323
2025-10-26,788309358,合计,ridge_own_weather,758204876.5973415
2025-10-27,788347388,合计,ridge_own_weather,779805234.9827517
2025-10-28,803213606,合计,ridge_own_weather,767892586.9034443
2025-10-29,791815205,合计,ridge_own_weather,777440445.0741739
2025-10-30,801523722,合计,ridge_own_weather,778912593.8807547
2025-10-31,806599754,合计,ridge_own_weather,787665036.3985198
2025-11-01,760921367,合计,ridge_own_weather,776874989.8732129
2025-11-02,744828378,合计,ridge_own_weather,733873969.8182708
2025-11-03,780447693,合计,ridge_own_weather,745664590.9481534
2025-11-04,782600645,合计,ridge_own_weather,758909847.4405117
2025-11-05,784108702,合计,ridge_own_weather,761032492.7378641
2025-11-06,789959014,合计,ridge_own_weather,770074163.0440197
2025-11-07,808798324,合计,ridge_own_weather,781852630.6707162
2025-11-08,816286170,合计,ridge_own_weather,788208989.3683928
2025-11-09,794671570,合计,ridge_own_weather,786609333.9981962
2025-11-10,803150509,合计,ridge_own_weather,791248423.0237678
2025-11-11,811031660,合计,ridge_own_weather,782168273.1745387
2025-11-12,800371284,合计,ridge_own_weather,783383427.1332246
2025-11-13,795412883,合计,ridge_own_weather,781221682.2253505
2025-11-14,784929625,合计,ridge_own_weather,782332319.6443294
2025-11-15,771969074,合计,ridge_own_weather,764070761.2901654
2025-11-16,748102925,合计,ridge_own_weather,746491081.637851
2025-11-17,784946049,合计,ridge_own_weather,755998631.3732157
2025-11-18,802372785,合计,ridge_own_weather,777545996.2009081
2025-11-19,785536331,合计,ridge_own_weather,787846229.1072766
2025-11-20,789566797,合计,ridge_own_weather,776681428.3051184
2025-11-21,781713368,合计,ridge_own_weather,780363589.7109563
2025-11-22,777234266,合计,ridge_own_weather,763952148.8213665
2025-11-23,763587139,合计,ridge_own_weather,750463317.6927063
2025-11-24,787419759,合计,ridge_own_weather,767973065.734351
2025-11-25,779113247,合计,ridge_own_weather,777875457.388492
2025-11-26,779056661,合计,ridge_own_weather,767182544.9398297
2025-11-27,785923784,合计,ridge_own_weather,768979451.38671
2025-11-28,793532772,合计,ridge_own_weather,778979145.5373343
2025-11-29,775439198,合计,ridge_own_weather,773003009.0356048
2025-11-30,752415007,合计,ridge_own_weather,751422170.260097
2025-12-01,752093794,合计,ridge_own_weather,758328635.4153446
2025-12-02,774181582,合计,ridge_own_weather,748859713.4242549
2025-12-03,779128904,合计,ridge_own_weather,761967923.1586058
2025-12-04,780611840,合计,ridge_own_weather,771582401.6544515
2025-12-05,790342731,合计,ridge_own_weather,772886637.6960113
2025-12-06,783475966,合计,ridge_own_weather,768958207.2225473
2025-12-07,769662376,合计,ridge_own_weather,755697208.5423539
2025-12-08,781993536,合计,ridge_own_weather,773455076.3095638
2025-12-09,790459836,合计,ridge_own_weather,775849733.2898896
2025-12-10,793331038,合计,ridge_own_weather,775077061.3614936
2025-12-11,792303023,合计,ridge_own_weather,780845360.6627882
2025-12-12,805771337,合计,ridge_own_weather,785586047.881566
2025-12-13,805919635,合计,ridge_own_weather,782974277.8253024
2025-12-14,775261923,合计,ridge_own_weather,780930815.3122022
2025-12-15,800205024,合计,ridge_own_weather,782959657.6634152
2025-12-16,791223092,合计,ridge_own_weather,789158898.1803122
2025-12-17,797873177,合计,ridge_own_weather,779151392.4864792
2025-12-18,807913091,合计,ridge_own_weather,788894466.7219282
2025-12-19,813412227,合计,ridge_own_weather,798985965.6027625
2025-12-20,800554656,合计,ridge_own_weather,791909845.9394543
2025-12-21,775722494,合计,ridge_own_weather,775507212.9680036
2025-12-22,800416947,合计,ridge_own_weather,783402432.1158557
2025-12-23,805434213,合计,ridge_own_weather,790880814.8767384
2025-12-24,803732375,合计,ridge_own_weather,790311218.2491236
2025-12-25,824337857,合计,ridge_own_weather,789877343.913342
2025-12-26,812520530,合计,ridge_own_weather,814695711.7146372
2025-12-27,813024286,合计,ridge_own_weather,793487488.1204002
2025-12-28,798511867,合计,ridge_own_weather,785309110.1849368
2025-12-29,801303829,合计,ridge_own_weather,801006401.0720683
2025-12-30,799723069,合计,ridge_own_weather,794134322.4054425
2025-12-31,783373686,合计,ridge_own_weather,788416568.1773149
2026-01-01,707758012,合计,ridge_own_weather,777378556.840737
2026-01-02,741910307,合计,ridge_own_weather,724077395.6131535
2026-01-03,801935633,合计,ridge_own_weather,736956854.6421759
2026-01-04,820839320,合计,ridge_own_weather,772147611.4618416
2026-01-05,819629944,合计,ridge_own_weather,815074863.5967228
2026-01-06,848208043,合计,ridge_own_weather,807005336.5493697
2026-01-07,836618404,合计,ridge_own_weather,822796519.4994528
2026-01-08,845715705,合计,ridge_own_weather,819371295.0507056
2026-01-09,845779172,合计,ridge_own_weather,830295984.1598336
2025-10-01,893877447,合计,ridge_category_weather,980741757.746215
2025-10-02,877524402,合计,ridge_category_weather,878250621.9692482
2025-10-03,906128774,合计,ridge_category_weather,875842031.4832065
2025-10-04,947397946,合计,ridge_category_weather,898416448.2590846
2025-10-05,967898095,合计,ridge_category_weather,925895346.0648781
2025-10-06,909397624,合计,ridge_category_weather,973571317.428446
2025-10-07,958058211,合计,ridge_category_weather,900330180.2213978
2025-10-08,1002652065,合计,ridge_category_weather,944987679.3159081
2025-10-09,1006596066,合计,ridge_category_weather,982355509.3359637
2025-10-10,988218980,合计,ridge_category_weather,981047010.4100454
2025-10-11,993216057,合计,ridge_category_weather,960488114.5209394
2025-10-12,982996119,合计,ridge_category_weather,958854983.9736395
2025-10-13,994158096,合计,ridge_category_weather,983632630.1574739
2025-10-14,999440675,合计,ridge_category_weather,980177410.6293724
2025-10-15,979563855,合计,ridge_category_weather,985670146.2759058
2025-10-16,973453600,合计,ridge_category_weather,970461595.5161644
2025-10-17,976535370,合计,ridge_category_weather,967986188.3930032
2025-10-18,976325746,合计,ridge_category_weather,961183327.4224788
2025-10-19,896789087,合计,ridge_category_weather,936719629.5576841
2025-10-20,853624251,合计,ridge_category_weather,875924471.2235494
2025-10-21,795444895,合计,ridge_category_weather,840305756.8327855
2025-10-22,783518576,合计,ridge_category_weather,792996028.56412
2025-10-23,783134792,合计,ridge_category_weather,787999213.790729
2025-10-24,786285205,合计,ridge_category_weather,787915551.1210015
2025-10-25,787344834,合计,ridge_category_weather,779531421.4611707
2025-10-26,788309358,合计,ridge_category_weather,773883975.0741179
2025-10-27,788347388,合计,ridge_category_weather,798944884.2634423
2025-10-28,803213606,合计,ridge_category_weather,788571614.915186
2025-10-29,791815205,合计,ridge_category_weather,803526960.4968674
2025-10-30,801523722,合计,ridge_category_weather,793168380.1370143
2025-10-31,806599754,合计,ridge_category_weather,801526661.1528693
2025-11-01,760921367,合计,ridge_category_weather,787533820.4305527
2025-11-02,744828378,合计,ridge_category_weather,739446005.890051
2025-11-03,780447693,合计,ridge_category_weather,762107996.3091271
2025-11-04,782600645,合计,ridge_category_weather,781723532.147828
2025-11-05,784108702,合计,ridge_category_weather,780924877.2025654
2025-11-06,789959014,合计,ridge_category_weather,786986959.7546477
2025-11-07,808798324,合计,ridge_category_weather,793987629.5049229
2025-11-08,816286170,合计,ridge_category_weather,801989324.6569663
2025-11-09,794671570,合计,ridge_category_weather,793922692.9199411
2025-11-10,803150509,合计,ridge_category_weather,800020116.3750334
2025-11-11,811031660,合计,ridge_category_weather,796821716.367618
2025-11-12,800371284,合计,ridge_category_weather,802042303.1665483
2025-11-13,795412883,合计,ridge_category_weather,797973035.1291693
2025-11-14,784929625,合计,ridge_category_weather,796393336.076059
2025-11-15,771969074,合计,ridge_category_weather,778010824.6600447
2025-11-16,748102925,合计,ridge_category_weather,755604748.6397226
2025-11-17,784946049,合计,ridge_category_weather,761906291.7544066
2025-11-18,802372785,合计,ridge_category_weather,795191930.0865695
2025-11-19,785536331,合计,ridge_category_weather,807680001.4944339
2025-11-20,789566797,合计,ridge_category_weather,793312045.1728425
2025-11-21,781713368,合计,ridge_category_weather,796405905.5827096
2025-11-22,777234266,合计,ridge_category_weather,776422045.6892459
2025-11-23,763587139,合计,ridge_category_weather,763042123.0583127
2025-11-24,787419759,合计,ridge_category_weather,776638029.4951097
2025-11-25,779113247,合计,ridge_category_weather,793052574.2216702
2025-11-26,779056661,合计,ridge_category_weather,784693469.9880571
2025-11-27,785923784,合计,ridge_category_weather,786903855.98618
2025-11-28,793532772,合计,ridge_category_weather,795755850.4840856
2025-11-29,775439198,合计,ridge_category_weather,786456994.5576106
2025-11-30,752415007,合计,ridge_category_weather,758756336.58373
2025-12-01,752093794,合计,ridge_category_weather,761470998.8208828
2025-12-02,774181582,合计,ridge_category_weather,754085918.7311691
2025-12-03,779128904,合计,ridge_category_weather,776901646.6529326
2025-12-04,780611840,合计,ridge_category_weather,789794623.4067012
2025-12-05,790342731,合计,ridge_category_weather,788369420.8591534
2025-12-06,783475966,合计,ridge_category_weather,785687794.5167102
2025-12-07,769662376,合计,ridge_category_weather,768165889.9273305
2025-12-08,781993536,合计,ridge_category_weather,785069301.712855
2025-12-09,790459836,合计,ridge_category_weather,792207992.9934343
2025-12-10,793331038,合计,ridge_category_weather,793699616.4059201
2025-12-11,792303023,合计,ridge_category_weather,796340537.8891375
2025-12-12,805771337,合计,ridge_category_weather,797153441.6279556
2025-12-13,805919635,合计,ridge_category_weather,798480776.9798043
2025-12-14,775261923,合计,ridge_category_weather,796465667.9088953
2025-12-15,800205024,合计,ridge_category_weather,797966595.1716328
2025-12-16,791223092,合计,ridge_category_weather,803029580.2444389
2025-12-17,797873177,合计,ridge_category_weather,786512763.5093155
2025-12-18,807913091,合计,ridge_category_weather,802228129.6180227
2025-12-19,813412227,合计,ridge_category_weather,808951568.991802
2025-12-20,800554656,合计,ridge_category_weather,800871395.8612801
2025-12-21,775722494,合计,ridge_category_weather,784015639.4666119
2025-12-22,800416947,合计,ridge_category_weather,794075789.7423671
2025-12-23,805434213,合计,ridge_category_weather,802671296.1969099
2025-12-24,803732375,合计,ridge_category_weather,799324209.8278428
2025-12-25,824337857,合计,ridge_category_weather,805271739.526097
2025-12-26,812520530,合计,ridge_category_weather,831931814.6203078
2025-12-27,813024286,合计,ridge_category_weather,802894917.4420269
2025-12-28,798511867,合计,ridge_category_weather,795404326.948209
2025-12-29,801303829,合计,ridge_category_weather,808402597.651923
2025-12-30,799723069,合计,ridge_category_weather,800935946.7090012
2025-12-31,783373686,合计,ridge_category_weather,797991015.7697172
2026-01-01,707758012,合计,ridge_category_weather,784493012.3731056
2026-01-02,741910307,合计,ridge_category_weather,719026579.7866513
2026-01-03,801935633,合计,ridge_category_weather,753083312.0217364
2026-01-04,820839320,合计,ridge_category_weather,789186776.498985
2026-01-05,819629944,合计,ridge_category_weather,828026961.1033789
2026-01-06,848208043,合计,ridge_category_weather,822181706.3380686
2026-01-07,836618404,合计,ridge_category_weather,841989968.0364581
2026-01-08,845715705,合计,ridge_category_weather,829501829.0051372
2026-01-09,845779172,合计,ridge_category_weather,839182152.901376
2025-10-01,415626808,工业,ridge_own_lags_calendar,508733552.48171633
2025-10-02,411710612,工业,ridge_own_lags_calendar,426770601.2800846
2025-10-03,441540690,工业,ridge_own_lags_calendar,421734629.51832676
2025-10-04,473427630,工业,ridge_own_lags_calendar,439851082.872584
2025-10-05,486555682,工业,ridge_own_lags_calendar,456117102.8669363
2025-10-06,428614566,工业,ridge_own_lags_calendar,490801972.01287466
2025-10-07,473692005,工业,ridge_own_lags_calendar,434940636.43830556
2025-10-08,517199901,工业,ridge_own_lags_calendar,467760319.13036937
2025-10-09,535780304,工业,ridge_own_lags_calendar,506766718.41758823
2025-10-10,531307533,工业,ridge_own_lags_calendar,523725163.5834524
2025-10-11,533597135,工业,ridge_own_lags_calendar,517282900.61692876
2025-10-12,520838740,工业,ridge_own_lags_calendar,511488032.9056256
2025-10-13,527231627,工业,ridge_own_lags_calendar,526919331.6477521
2025-10-14,543023819,工业,ridge_own_lags_calendar,527382143.0309921
2025-10-15,533667052,工业,ridge_own_lags_calendar,538347948.8341547
2025-10-16,529056134,工业,ridge_own_lags_calendar,532045559.4540704
2025-10-17,536826358,工业,ridge_own_lags_calendar,528500209.0825102
2025-10-18,533334004,工业,ridge_own_lags_calendar,529845637.373777
2025-10-19,492593679,工业,ridge_own_lags_calendar,516867625.9569812
2025-10-20,509473838,工业,ridge_own_lags_calendar,507347073.6875902
2025-10-21,491666016,工业,ridge_own_lags_calendar,513202532.55879503
2025-10-22,488778521,工业,ridge_own_lags_calendar,494621178.5906846
2025-10-23,488810064,工业,ridge_own_lags_calendar,493182072.9071224
2025-10-24,488487807,工业,ridge_own_lags_calendar,490512865.21564484
2025-10-25,487037767,工业,ridge_own_lags_calendar,484470289.44193023
2025-10-26,483097397,工业,ridge_own_lags_calendar,474058834.0439824
2025-10-27,489437310,工业,ridge_own_lags_calendar,494333712.3755684
2025-10-28,509494208,工业,ridge_own_lags_calendar,491274303.1752201
2025-10-29,496060282,工业,ridge_own_lags_calendar,500514224.4809198
2025-10-30,501926165,工业,ridge_own_lags_calendar,491004561.22334313
2025-10-31,502322380,工业,ridge_own_lags_calendar,496003236.43437636
2025-11-01,463977301,工业,ridge_own_lags_calendar,491591390.2263592
2025-11-02,451448947,工业,ridge_own_lags_calendar,451445365.1146378
2025-11-03,491007569,工业,ridge_own_lags_calendar,462962691.36962587
2025-11-04,494274139,工业,ridge_own_lags_calendar,488645199.1670479
2025-11-05,491722759,工业,ridge_own_lags_calendar,488805520.3651849
2025-11-06,493954539,工业,ridge_own_lags_calendar,489099396.5946515
2025-11-07,502269921,工业,ridge_own_lags_calendar,489752499.36909956
2025-11-08,507470477,工业,ridge_own_lags_calendar,492111160.7145633
2025-11-09,484512611,工业,ridge_own_lags_calendar,488553993.92794806
2025-11-10,505683093,工业,ridge_own_lags_calendar,494415394.0737855
2025-11-11,519521853,工业,ridge_own_lags_calendar,505560266.90859467
2025-11-12,510960284,工业,ridge_own_lags_calendar,513849561.7446473
2025-11-13,502337439,工业,ridge_own_lags_calendar,509323708.2149287
2025-11-14,491107403,工业,ridge_own_lags_calendar,502312596.3553658
2025-11-15,480567662,工业,ridge_own_lags_calendar,488033302.88173723
2025-11-16,454789929,工业,ridge_own_lags_calendar,468254188.4612048
2025-11-17,490989090,工业,ridge_own_lags_calendar,470790083.6721677
2025-11-18,507938102,工业,ridge_own_lags_calendar,492102633.95443076
2025-11-19,487865526,工业,ridge_own_lags_calendar,501593640.2686101
2025-11-20,489157146,工业,ridge_own_lags_calendar,486638830.0055727
2025-11-21,480792436,工业,ridge_own_lags_calendar,486749679.013394
2025-11-22,478876664,工业,ridge_own_lags_calendar,474859037.3667712
2025-11-23,465780193,工业,ridge_own_lags_calendar,464114476.3239222
2025-11-24,491993137,工业,ridge_own_lags_calendar,477257517.85157174
2025-11-25,484056467,工业,ridge_own_lags_calendar,491910899.801172
2025-11-26,481346875,工业,ridge_own_lags_calendar,480661280.5604595
2025-11-27,485770458,工业,ridge_own_lags_calendar,480953210.2646428
2025-11-28,489236863,工业,ridge_own_lags_calendar,483555860.0157578
2025-11-29,473001874,工业,ridge_own_lags_calendar,480391825.0156102
2025-11-30,450328015,工业,ridge_own_lags_calendar,456791556.93896246
2025-12-01,454148962,工业,ridge_own_lags_calendar,462654144.185441
2025-12-02,477091979,工业,ridge_own_lags_calendar,458336475.19465584
2025-12-03,482072625,工业,ridge_own_lags_calendar,473598820.074723
2025-12-04,481193239,工业,ridge_own_lags_calendar,479465594.450831
2025-12-05,488421135,工业,ridge_own_lags_calendar,477973048.59867674
2025-12-06,484871954,工业,ridge_own_lags_calendar,479664354.44517875
2025-12-07,470298028,工业,ridge_own_lags_calendar,467366430.278885
2025-12-08,484627490,工业,ridge_own_lags_calendar,480815689.85039353
2025-12-09,491518576,工业,ridge_own_lags_calendar,486388109.0193322
2025-12-10,495087746,工业,ridge_own_lags_calendar,488685440.27581704
2025-12-11,494412706,工业,ridge_own_lags_calendar,493295514.4631612
2025-12-12,505485717,工业,ridge_own_lags_calendar,492208405.37527853
2025-12-13,504668943,工业,ridge_own_lags_calendar,496176494.4275494
2025-12-14,467499522,工业,ridge_own_lags_calendar,485813898.04639393
2025-12-15,488831400,工业,ridge_own_lags_calendar,480084385.71520066
2025-12-16,481572938,工业,ridge_own_lags_calendar,490687736.2515528
2025-12-17,492170546,工业,ridge_own_lags_calendar,480742181.69446975
2025-12-18,502479820,工业,ridge_own_lags_calendar,491418679.9787384
2025-12-19,505699603,工业,ridge_own_lags_calendar,498837190.5156717
2025-12-20,495748890,工业,ridge_own_lags_calendar,496282193.05257004
2025-12-21,467341040,工业,ridge_own_lags_calendar,478154365.10486144
2025-12-22,495873284,工业,ridge_own_lags_calendar,479989632.36724913
2025-12-23,502003275,工业,ridge_own_lags_calendar,495610000.4143508
2025-12-24,499659072,工业,ridge_own_lags_calendar,497584844.7142194
2025-12-25,510546101,工业,ridge_own_lags_calendar,497634104.0016515
2025-12-26,488931601,工业,ridge_own_lags_calendar,505480624.4267867
2025-12-27,494719537,工业,ridge_own_lags_calendar,482247132.40493894
2025-12-28,479376705,工业,ridge_own_lags_calendar,476726777.183893
2025-12-29,486906946,工业,ridge_own_lags_calendar,488106816.5474684
2025-12-30,485972530,工业,ridge_own_lags_calendar,486778326.3552398
2025-12-31,464674550,工业,ridge_own_lags_calendar,481343726.4961808
2026-01-01,390372014,工业,ridge_own_lags_calendar,462142646.37264085
2026-01-02,422449836,工业,ridge_own_lags_calendar,402297208.1662978
2026-01-03,466889131,工业,ridge_own_lags_calendar,422337411.9448023
2026-01-04,490764291,工业,ridge_own_lags_calendar,447116685.76357526
2026-01-05,491501889,工业,ridge_own_lags_calendar,491162824.4854614
2026-01-06,507366156,工业,ridge_own_lags_calendar,484699065.4235606
2026-01-07,489583876,工业,ridge_own_lags_calendar,495183621.19612896
2026-01-08,497415238,工业,ridge_own_lags_calendar,483706883.42578334
2026-01-09,496091271,工业,ridge_own_lags_calendar,492269107.2454878
2025-10-01,415626808,工业,ridge_own_weather,510219564.4966306
2025-10-02,411710612,工业,ridge_own_weather,428251543.1505137
2025-10-03,441540690,工业,ridge_own_weather,423000559.7222599
2025-10-04,473427630,工业,ridge_own_weather,440773938.28762674
2025-10-05,486555682,工业,ridge_own_weather,457223343.06641155
2025-10-06,428614566,工业,ridge_own_weather,491795149.27079535
2025-10-07,473692005,工业,ridge_own_weather,436277034.8445828
2025-10-08,517199901,工业,ridge_own_weather,469077362.28520006
2025-10-09,535780304,工业,ridge_own_weather,507835909.5572093
2025-10-10,531307533,工业,ridge_own_weather,524736132.6259345
2025-10-11,533597135,工业,ridge_own_weather,518482436.1726065
2025-10-12,520838740,工业,ridge_own_weather,512690594.55327797
2025-10-13,527231627,工业,ridge_own_weather,528096807.39377713
2025-10-14,543023819,工业,ridge_own_weather,528588707.2746328
2025-10-15,533667052,工业,ridge_own_weather,539453759.3044624
2025-10-16,529056134,工业,ridge_own_weather,533124542.6783648
2025-10-17,536826358,工业,ridge_own_weather,529798835.55427516
2025-10-18,533334004,工业,ridge_own_weather,530961431.7075618
2025-10-19,492593679,工业,ridge_own_weather,517855798.08300066
2025-10-20,509473838,工业,ridge_own_weather,507686696.5772027
2025-10-21,491666016,工业,ridge_own_weather,513501908.31385726
2025-10-22,488778521,工业,ridge_own_weather,495032327.13904583
2025-10-23,488810064,工业,ridge_own_weather,493594303.1290236
2025-10-24,488487807,工业,ridge_own_weather,490991501.31302893
2025-10-25,487037767,工业,ridge_own_weather,484598952.3049115
2025-10-26,483097397,工业,ridge_own_weather,474591278.37319285
2025-10-27,489437310,工业,ridge_own_weather,495095797.1087742
2025-10-28,509494208,工业,ridge_own_weather,492179627.1914192
2025-10-29,496060282,工业,ridge_own_weather,500580524.4568968
2025-10-30,501926165,工业,ridge_own_weather,491743318.2564338
2025-10-31,502322380,工业,ridge_own_weather,496634256.7759744
2025-11-01,463977301,工业,ridge_own_weather,492260607.1765832
2025-11-02,451448947,工业,ridge_own_weather,452472049.78688586
2025-11-03,491007569,工业,ridge_own_weather,463183315.6289516
2025-11-04,494274139,工业,ridge_own_weather,488254478.4505038
2025-11-05,491722759,工业,ridge_own_weather,489396708.0564719
2025-11-06,493954539,工业,ridge_own_weather,489905982.88955784
2025-11-07,502269921,工业,ridge_own_weather,490692818.8868409
2025-11-08,507470477,工业,ridge_own_weather,493117530.7779225
2025-11-09,484512611,工业,ridge_own_weather,489800474.06213546
2025-11-10,505683093,工业,ridge_own_weather,495884114.55508554
2025-11-11,519521853,工业,ridge_own_weather,506933820.9159488
2025-11-12,510960284,工业,ridge_own_weather,514892756.0066225
2025-11-13,502337439,工业,ridge_own_weather,510634593.9492802
2025-11-14,491107403,工业,ridge_own_weather,503133659.71492857
2025-11-15,480567662,工业,ridge_own_weather,488592515.55290085
2025-11-16,454789929,工业,ridge_own_weather,469203597.09432244
2025-11-17,490989090,工业,ridge_own_weather,472074314.9109846
2025-11-18,507938102,工业,ridge_own_weather,491671223.84033966
2025-11-19,487865526,工业,ridge_own_weather,499736796.18549013
2025-11-20,489157146,工业,ridge_own_weather,484591102.2989402
2025-11-21,480792436,工业,ridge_own_weather,485592219.7511065
2025-11-22,478876664,工业,ridge_own_weather,473883457.566614
2025-11-23,465780193,工业,ridge_own_weather,463968740.6698297
2025-11-24,491993137,工业,ridge_own_weather,478058099.5709675
2025-11-25,484056467,工业,ridge_own_weather,491498683.82058054
2025-11-26,481346875,工业,ridge_own_weather,479270959.03810275
2025-11-27,485770458,工业,ridge_own_weather,479535673.62905663
2025-11-28,489236863,工业,ridge_own_weather,482137150.1189543
2025-11-29,473001874,工业,ridge_own_weather,479022863.9413397
2025-11-30,450328015,工业,ridge_own_weather,456625182.08773565
2025-12-01,454148962,工业,ridge_own_weather,464112588.0235427
2025-12-02,477091979,工业,ridge_own_weather,459740361.97733593
2025-12-03,482072625,工业,ridge_own_weather,473874567.1801895
2025-12-04,481193239,工业,ridge_own_weather,478522318.8397195
2025-12-05,488421135,工业,ridge_own_weather,477287683.604465
2025-12-06,484871954,工业,ridge_own_weather,479183482.9826496
2025-12-07,470298028,工业,ridge_own_weather,467957457.1818673
2025-12-08,484627490,工业,ridge_own_weather,481600337.79707026
2025-12-09,491518576,工业,ridge_own_weather,486669380.20459783
2025-12-10,495087746,工业,ridge_own_weather,489440407.2644765
2025-12-11,494412706,工业,ridge_own_weather,494187114.95882255
2025-12-12,505485717,工业,ridge_own_weather,493267945.52031547
2025-12-13,504668943,工业,ridge_own_weather,496391156.4607748
2025-12-14,467499522,工业,ridge_own_weather,484168063.5235351
2025-12-15,488831400,工业,ridge_own_weather,478222195.6622227
2025-12-16,481572938,工业,ridge_own_weather,490166869.3634808
2025-12-17,492170546,工业,ridge_own_weather,481155745.6282472
2025-12-18,502479820,工业,ridge_own_weather,491658712.9134074
2025-12-19,505699603,工业,ridge_own_weather,500093627.2959358
2025-12-20,495748890,工业,ridge_own_weather,498093240.639648
2025-12-21,467341040,工业,ridge_own_weather,479044205.0259077
2025-12-22,495873284,工业,ridge_own_weather,480068797.6921081
2025-12-23,502003275,工业,ridge_own_weather,496333542.76946235
2025-12-24,499659072,工业,ridge_own_weather,499227808.6027292
2025-12-25,510546101,工业,ridge_own_weather,496928466.3705267
2025-12-26,488931601,工业,ridge_own_weather,503465459.3093305
2025-12-27,494719537,工业,ridge_own_weather,480640870.92553586
2025-12-28,479376705,工业,ridge_own_weather,475788616.14932024
2025-12-29,486906946,工业,ridge_own_weather,487800759.9116729
2025-12-30,485972530,工业,ridge_own_weather,486987398.82559353
2025-12-31,464674550,工业,ridge_own_weather,481483087.08649045
2026-01-01,390372014,工业,ridge_own_weather,462089502.87017447
2026-01-02,422449836,工业,ridge_own_weather,400776693.87229383
2026-01-03,466889131,工业,ridge_own_weather,419499525.6218525
2026-01-04,490764291,工业,ridge_own_weather,445566459.89442277
2026-01-05,491501889,工业,ridge_own_weather,490233792.10452825
2026-01-06,507366156,工业,ridge_own_weather,482601897.3067809
2026-01-07,489583876,工业,ridge_own_weather,492238311.2750213
2026-01-08,497415238,工业,ridge_own_weather,481147964.3591286
2026-01-09,496091271,工业,ridge_own_weather,489970356.7655221
2025-10-01,365721605,制造业,ridge_own_lags_calendar,456255806.86417335
2025-10-02,365703767,制造业,ridge_own_lags_calendar,374550197.6633882
2025-10-03,394585459,制造业,ridge_own_lags_calendar,374815298.95613205
2025-10-04,422108473,制造业,ridge_own_lags_calendar,393672094.2476971
2025-10-05,428174724,制造业,ridge_own_lags_calendar,405387873.5462919
2025-10-06,380128936,制造业,ridge_own_lags_calendar,434759788.14716274
2025-10-07,433867569,制造业,ridge_own_lags_calendar,384266459.9649687
2025-10-08,467238573,制造业,ridge_own_lags_calendar,429097336.0992774
2025-10-09,478264925,制造业,ridge_own_lags_calendar,457506581.72280955
2025-10-10,481957813,制造业,ridge_own_lags_calendar,468773064.5258446
2025-10-11,484320657,制造业,ridge_own_lags_calendar,470098075.240893
2025-10-12,469820938,制造业,ridge_own_lags_calendar,463474054.1823456
2025-10-13,487081268,制造业,ridge_own_lags_calendar,477238330.0497402
2025-10-14,492773194,制造业,ridge_own_lags_calendar,486648366.5660258
2025-10-15,487997746,制造业,ridge_own_lags_calendar,490246691.6093086
2025-10-16,482859694,制造业,ridge_own_lags_calendar,486772059.85844225
2025-10-17,489484397,制造业,ridge_own_lags_calendar,483031601.30503786
2025-10-18,482244833,制造业,ridge_own_lags_calendar,484945682.3443338
2025-10-19,465606006,制造业,ridge_own_lags_calendar,468187039.2945297
2025-10-20,478472829,制造业,ridge_own_lags_calendar,478470749.7428005
2025-10-21,470238739,制造业,ridge_own_lags_calendar,481434823.371396
2025-10-22,463773102,制造业,ridge_own_lags_calendar,471273883.0825856
2025-10-23,461729979,制造业,ridge_own_lags_calendar,465608474.21935916
2025-10-24,460200030,制造业,ridge_own_lags_calendar,462570861.9458434
2025-10-25,457851429,制造业,ridge_own_lags_calendar,457322490.6291161
2025-10-26,444035485,制造业,ridge_own_lags_calendar,445078551.97545946
2025-10-27,461377685,制造业,ridge_own_lags_calendar,457321743.362712
2025-10-28,474120936,制造业,ridge_own_lags_calendar,462591249.2488806
2025-10-29,462365578,制造业,ridge_own_lags_calendar,467251616.2743131
2025-10-30,467308868,制造业,ridge_own_lags_calendar,456843205.90175927
2025-10-31,457547653,制造业,ridge_own_lags_calendar,461455689.59791255
2025-11-01,425501103,制造业,ridge_own_lags_calendar,449078642.6555259
2025-11-02,417175369,制造业,ridge_own_lags_calendar,412377849.83138514
2025-11-03,453385648,制造业,ridge_own_lags_calendar,428107760.18784976
2025-11-04,461722777,制造业,ridge_own_lags_calendar,451405976.9823416
2025-11-05,459542810,制造业,ridge_own_lags_calendar,455966584.7547661
2025-11-06,462453965,制造业,ridge_own_lags_calendar,454657719.10523057
2025-11-07,468009124,制造业,ridge_own_lags_calendar,456836126.4800791
2025-11-08,464180172,制造业,ridge_own_lags_calendar,458594800.659623
2025-11-09,452999183,制造业,ridge_own_lags_calendar,446529934.59177333
2025-11-10,467399128,制造业,ridge_own_lags_calendar,462421672.9753199
2025-11-11,478058420,制造业,ridge_own_lags_calendar,466828951.4690475
2025-11-12,475473038,制造业,ridge_own_lags_calendar,473712869.7501814
2025-11-13,471423446,制造业,ridge_own_lags_calendar,471968343.5909164
2025-11-14,462680450,制造业,ridge_own_lags_calendar,468958222.5604016
2025-11-15,447342708,制造业,ridge_own_lags_calendar,457879855.7362821
2025-11-16,422429846,制造业,ridge_own_lags_calendar,434191945.5744286
2025-11-17,459308582,制造业,ridge_own_lags_calendar,437165115.5916694
2025-11-18,468470824,制造业,ridge_own_lags_calendar,460059880.43653554
2025-11-19,458193726,制造业,ridge_own_lags_calendar,463873752.18398815
2025-11-20,458300693,制造业,ridge_own_lags_calendar,455240160.7680554
2025-11-21,451892072,制造业,ridge_own_lags_calendar,454849479.21693635
2025-11-22,448678549,制造业,ridge_own_lags_calendar,445230366.6747338
2025-11-23,435204009,制造业,ridge_own_lags_calendar,432776589.1231462
2025-11-24,454044592,制造业,ridge_own_lags_calendar,446091298.60763806
2025-11-25,453020636,制造业,ridge_own_lags_calendar,454254299.10534906
2025-11-26,452945014,制造业,ridge_own_lags_calendar,449588771.77180064
2025-11-27,456090943,制造业,ridge_own_lags_calendar,450139749.69949496
2025-11-28,449785722,制造业,ridge_own_lags_calendar,451917220.4635648
2025-11-29,440030064,制造业,ridge_own_lags_calendar,441923699.0966475
2025-11-30,416427753,制造业,ridge_own_lags_calendar,423363651.1541026
2025-12-01,421046609,制造业,ridge_own_lags_calendar,427429249.2323088
2025-12-02,443311128,制造业,ridge_own_lags_calendar,423394446.5397788
2025-12-03,452370042,制造业,ridge_own_lags_calendar,440084131.78181124
2025-12-04,452456276,制造业,ridge_own_lags_calendar,447547180.90355855
2025-12-05,454075028,制造业,ridge_own_lags_calendar,447259728.8655231
2025-12-06,448774126,制造业,ridge_own_lags_calendar,445495072.1563798
2025-12-07,433410616,制造业,ridge_own_lags_calendar,431579518.95425427
2025-12-08,446864634,制造业,ridge_own_lags_calendar,443782225.42460954
2025-12-09,460024217,制造业,ridge_own_lags_calendar,447826535.634126
2025-12-10,455066746,制造业,ridge_own_lags_calendar,456644972.3954981
2025-12-11,455152690,制造业,ridge_own_lags_calendar,452319372.9292895
2025-12-12,462764882,制造业,ridge_own_lags_calendar,452346534.67656624
2025-12-13,461602080,制造业,ridge_own_lags_calendar,454853702.83581126
2025-12-14,430272596,制造业,ridge_own_lags_calendar,443273806.8838571
2025-12-15,443557543,制造业,ridge_own_lags_calendar,441628967.5253871
2025-12-16,444205783,制造业,ridge_own_lags_calendar,445193607.19804204
2025-12-17,452068006,制造业,ridge_own_lags_calendar,442653575.96280444
2025-12-18,458375583,制造业,ridge_own_lags_calendar,449862697.0476179
2025-12-19,466260745,制造业,ridge_own_lags_calendar,454516171.65765953
2025-12-20,452245617,制造业,ridge_own_lags_calendar,457299763.62237
2025-12-21,433709093,制造业,ridge_own_lags_calendar,434713017.11082983
2025-12-22,451186232,制造业,ridge_own_lags_calendar,444564051.8260771
2025-12-23,458689460,制造业,ridge_own_lags_calendar,451391637.87756336
2025-12-24,460541810,制造业,ridge_own_lags_calendar,455187700.0960591
2025-12-25,467861887,制造业,ridge_own_lags_calendar,457240336.29001343
2025-12-26,455247947,制造业,ridge_own_lags_calendar,462691164.7099138
2025-12-27,449850374,制造业,ridge_own_lags_calendar,447838868.41097254
2025-12-28,438641990,制造业,ridge_own_lags_calendar,433025309.56828624
2025-12-29,443234808,制造业,ridge_own_lags_calendar,447721576.7284078
2025-12-30,444471096,制造业,ridge_own_lags_calendar,443396245.99356806
2025-12-31,430388258,制造业,ridge_own_lags_calendar,441328852.71128905
2026-01-01,358228647,制造业,ridge_own_lags_calendar,426319913.4072673
2026-01-02,395611573,制造业,ridge_own_lags_calendar,365481935.60484946
2026-01-03,428370107,制造业,ridge_own_lags_calendar,394487492.99281055
2026-01-04,443246327,制造业,ridge_own_lags_calendar,409764832.2216068
2026-01-05,455472862,制造业,ridge_own_lags_calendar,446674140.1174183
2026-01-06,464825072,制造业,ridge_own_lags_calendar,448609200.9923423
2026-01-07,453038045,制造业,ridge_own_lags_calendar,454612065.2440469
2026-01-08,455099894,制造业,ridge_own_lags_calendar,445836553.84526956
2026-01-09,454172668,制造业,ridge_own_lags_calendar,450119687.38816595
2025-10-01,365721605,制造业,ridge_own_weather,457476325.9894333
2025-10-02,365703767,制造业,ridge_own_weather,375754178.69222593
2025-10-03,394585459,制造业,ridge_own_weather,375582362.4195
2025-10-04,422108473,制造业,ridge_own_weather,394308945.2565116
2025-10-05,428174724,制造业,ridge_own_weather,406211141.82596236
2025-10-06,380128936,制造业,ridge_own_weather,435447738.15955037
2025-10-07,433867569,制造业,ridge_own_weather,385609999.875964
2025-10-08,467238573,制造业,ridge_own_weather,430233890.7545765
2025-10-09,478264925,制造业,ridge_own_weather,458396334.65714
2025-10-10,481957813,制造业,ridge_own_weather,470072971.95723426
2025-10-11,484320657,制造业,ridge_own_weather,471012586.52045685
2025-10-12,469820938,制造业,ridge_own_weather,464501588.5822519
2025-10-13,487081268,制造业,ridge_own_weather,477794756.71487015
2025-10-14,492773194,制造业,ridge_own_weather,487561859.9261905
2025-10-15,487997746,制造业,ridge_own_weather,491209884.8812142
2025-10-16,482859694,制造业,ridge_own_weather,487943604.95924234
2025-10-17,489484397,制造业,ridge_own_weather,484444066.9149629
2025-10-18,482244833,制造业,ridge_own_weather,486012919.40923053
2025-10-19,465606006,制造业,ridge_own_weather,469288762.1601313
2025-10-20,478472829,制造业,ridge_own_weather,479179344.34754
2025-10-21,470238739,制造业,ridge_own_weather,482810950.5485556
2025-10-22,463773102,制造业,ridge_own_weather,472320642.5371007
2025-10-23,461729979,制造业,ridge_own_weather,466421577.3447323
2025-10-24,460200030,制造业,ridge_own_weather,463597439.1338398
2025-10-25,457851429,制造业,ridge_own_weather,457478644.2813797
2025-10-26,444035485,制造业,ridge_own_weather,446069428.23038787
2025-10-27,461377685,制造业,ridge_own_weather,458724598.2614867
2025-10-28,474120936,制造业,ridge_own_weather,464459828.7951558
2025-10-29,462365578,制造业,ridge_own_weather,467931387.44457424
2025-10-30,467308868,制造业,ridge_own_weather,458346349.0615778
2025-10-31,457547653,制造业,ridge_own_weather,462433365.8601163
2025-11-01,425501103,制造业,ridge_own_weather,450044349.17827225
2025-11-02,417175369,制造业,ridge_own_weather,413734869.79421026
2025-11-03,453385648,制造业,ridge_own_weather,428923956.9964111
2025-11-04,461722777,制造业,ridge_own_weather,452127731.75245416
2025-11-05,459542810,制造业,ridge_own_weather,457769123.3527472
2025-11-06,462453965,制造业,ridge_own_weather,456553896.6502214
2025-11-07,468009124,制造业,ridge_own_weather,458602513.8010155
2025-11-08,464180172,制造业,ridge_own_weather,460220567.8200112
2025-11-09,452999183,制造业,ridge_own_weather,448286131.68627805
2025-11-10,467399128,制造业,ridge_own_weather,464489671.48526865
2025-11-11,478058420,制造业,ridge_own_weather,468781143.4187672
2025-11-12,475473038,制造业,ridge_own_weather,475297865.302818
2025-11-13,471423446,制造业,ridge_own_weather,474086392.44385386
2025-11-14,462680450,制造业,ridge_own_weather,469751811.7814714
2025-11-15,447342708,制造业,ridge_own_weather,459019798.3721958
2025-11-16,422429846,制造业,ridge_own_weather,436061285.12634754
2025-11-17,459308582,制造业,ridge_own_weather,439070527.3454888
2025-11-18,468470824,制造业,ridge_own_weather,459299475.9986908
2025-11-19,458193726,制造业,ridge_own_weather,460610457.1717959
2025-11-20,458300693,制造业,ridge_own_weather,452194741.50605756
2025-11-21,451892072,制造业,ridge_own_weather,453185367.71482295
2025-11-22,448678549,制造业,ridge_own_weather,443847886.42743254
2025-11-23,435204009,制造业,ridge_own_weather,432532927.2643008
2025-11-24,454044592,制造业,ridge_own_weather,446742265.3582834
2025-11-25,453020636,制造业,ridge_own_weather,453132678.4329878
2025-11-26,452945014,制造业,ridge_own_weather,447559794.38065726
2025-11-27,456090943,制造业,ridge_own_weather,447762102.0886785
2025-11-28,449785722,制造业,ridge_own_weather,449327030.6090622
2025-11-29,440030064,制造业,ridge_own_weather,440281806.85448927
2025-11-30,416427753,制造业,ridge_own_weather,422881687.54614323
2025-12-01,421046609,制造业,ridge_own_weather,428588223.08340377
2025-12-02,443311128,制造业,ridge_own_weather,425303427.47049946
2025-12-03,452370042,制造业,ridge_own_weather,440525484.4077722
2025-12-04,452456276,制造业,ridge_own_weather,446575198.8479842
2025-12-05,454075028,制造业,ridge_own_weather,446427892.563222
2025-12-06,448774126,制造业,ridge_own_weather,445452994.3385333
2025-12-07,433410616,制造业,ridge_own_weather,432931067.8557539
2025-12-08,446864634,制造业,ridge_own_weather,444824297.3150303
2025-12-09,460024217,制造业,ridge_own_weather,448621559.02292156
2025-12-10,455066746,制造业,ridge_own_weather,457904953.88905257
2025-12-11,455152690,制造业,ridge_own_weather,453943138.28614515
2025-12-12,462764882,制造业,ridge_own_weather,453877553.0228128
2025-12-13,461602080,制造业,ridge_own_weather,455597013.0303888
2025-12-14,430272596,制造业,ridge_own_weather,440350530.13201445
2025-12-15,443557543,制造业,ridge_own_weather,439543336.34260017
2025-12-16,444205783,制造业,ridge_own_weather,444583715.25631315
2025-12-17,452068006,制造业,ridge_own_weather,442777298.12093705
2025-12-18,458375583,制造业,ridge_own_weather,450254873.587724
2025-12-19,466260745,制造业,ridge_own_weather,456380770.1888042
2025-12-20,452245617,制造业,ridge_own_weather,459309058.28761446
2025-12-21,433709093,制造业,ridge_own_weather,435993375.56825227
2025-12-22,451186232,制造业,ridge_own_weather,444807878.9774264
2025-12-23,458689460,制造业,ridge_own_weather,452582350.2755582
2025-12-24,460541810,制造业,ridge_own_weather,457233218.4440851
2025-12-25,467861887,制造业,ridge_own_weather,456313760.1544706
2025-12-26,455247947,制造业,ridge_own_weather,459221460.12886566
2025-12-27,449850374,制造业,ridge_own_weather,445412452.09979177
2025-12-28,438641990,制造业,ridge_own_weather,431568588.9958895
2025-12-29,443234808,制造业,ridge_own_weather,447014198.4676476
2025-12-30,444471096,制造业,ridge_own_weather,443488106.99821603
2025-12-31,430388258,制造业,ridge_own_weather,441423128.6121918
2026-01-01,358228647,制造业,ridge_own_weather,426484246.011002
2026-01-02,395611573,制造业,ridge_own_weather,363174903.3891539
2026-01-03,428370107,制造业,ridge_own_weather,390592806.4409421
2026-01-04,443246327,制造业,ridge_own_weather,408252781.0775502
2026-01-05,455472862,制造业,ridge_own_weather,445877221.7144779
2026-01-06,464825072,制造业,ridge_own_weather,445868433.0950607
2026-01-07,453038045,制造业,ridge_own_weather,450324021.2193785
2026-01-08,455099894,制造业,ridge_own_weather,441667342.2112616
2026-01-09,454172668,制造业,ridge_own_weather,446021359.79895604
2025-10-01,382819785,大工业电量,ridge_own_lags_calendar,459466074.36143327
2025-10-02,372039198,大工业电量,ridge_own_lags_calendar,392802854.6153562
2025-10-03,395077098,大工业电量,ridge_own_lags_calendar,381967063.29151547
2025-10-04,423065421,大工业电量,ridge_own_lags_calendar,395595446.3629585
2025-10-05,436375331,大工业电量,ridge_own_lags_calendar,409523822.3171517
2025-10-06,390971134,大工业电量,ridge_own_lags_calendar,441677902.7084918
2025-10-07,424000167,大工业电量,ridge_own_lags_calendar,397400180.1807625
2025-10-08,463401254,大工业电量,ridge_own_lags_calendar,420572864.6942029
2025-10-09,479239605,大工业电量,ridge_own_lags_calendar,456916737.898809
2025-10-10,473187323,大工业电量,ridge_own_lags_calendar,471532167.2094573
2025-10-11,475015965,大工业电量,ridge_own_lags_calendar,463405127.86675847
2025-10-12,463855183,大工业电量,ridge_own_lags_calendar,457168038.2079871
2025-10-13,467797207,大工业电量,ridge_own_lags_calendar,471040920.4681964
2025-10-14,483890099,大工业电量,ridge_own_lags_calendar,469939844.4550329
2025-10-15,476054564,大工业电量,ridge_own_lags_calendar,481043885.344458
2025-10-16,473185149,大工业电量,ridge_own_lags_calendar,476171878.4337265
2025-10-17,480548034,大工业电量,ridge_own_lags_calendar,474044260.4977535
2025-10-18,477479056,大工业电量,ridge_own_lags_calendar,475459451.3971362
2025-10-19,438850179,大工业电量,ridge_own_lags_calendar,463589110.15196323
2025-10-20,457629675,大工业电量,ridge_own_lags_calendar,453051887.87911403
2025-10-21,441280825,大工业电量,ridge_own_lags_calendar,461475002.405505
2025-10-22,439171452,大工业电量,ridge_own_lags_calendar,444828485.8492008
2025-10-23,441044298,大工业电量,ridge_own_lags_calendar,444207833.7896053
2025-10-24,440015097,大工业电量,ridge_own_lags_calendar,443672977.0457504
2025-10-25,438927736,大工业电量,ridge_own_lags_calendar,437488658.5621917
2025-10-26,436572027,大工业电量,ridge_own_lags_calendar,428141631.88064706
2025-10-27,440477348,大工业电量,ridge_own_lags_calendar,447132887.2469668
2025-10-28,459803014,大工业电量,ridge_own_lags_calendar,443709761.5598737
2025-10-29,447312872,大工业电量,ridge_own_lags_calendar,453257688.87693536
2025-10-30,452259652,大工业电量,ridge_own_lags_calendar,444736779.6823404
2025-10-31,455513454,大工业电量,ridge_own_lags_calendar,448832139.7956616
2025-11-01,422981482,大工业电量,ridge_own_lags_calendar,447343371.68713933
2025-11-02,408863978,大工业电量,ridge_own_lags_calendar,412327158.40156484
2025-11-03,444113161,大工业电量,ridge_own_lags_calendar,419967834.5412406
2025-11-04,444898226,大工业电量,ridge_own_lags_calendar,443310128.93839574
2025-11-05,443291087,大工业电量,ridge_own_lags_calendar,442001157.41033095
2025-11-06,444654897,大工业电量,ridge_own_lags_calendar,442968769.5564237
2025-11-07,453028193,大工业电量,ridge_own_lags_calendar,443095096.6343013
2025-11-08,457994896,大工业电量,ridge_own_lags_calendar,445816245.4998822
2025-11-09,437364177,大工业电量,ridge_own_lags_calendar,442421246.63146293
2025-11-10,455498910,大工业电量,ridge_own_lags_calendar,447063161.28770137
2025-11-11,468373382,大工业电量,ridge_own_lags_calendar,456713965.13018936
2025-11-12,460434679,大工业电量,ridge_own_lags_calendar,464638457.9313849
2025-11-13,452267830,大工业电量,ridge_own_lags_calendar,460733470.11237264
2025-11-14,443093061,大工业电量,ridge_own_lags_calendar,454066822.83532345
2025-11-15,434395346,大工业电量,ridge_own_lags_calendar,441648785.78830975
2025-11-16,411804835,大工业电量,ridge_own_lags_calendar,424072361.1332265
2025-11-17,443490056,大工业电量,ridge_own_lags_calendar,426518386.26583326
2025-11-18,458275952,大工业电量,ridge_own_lags_calendar,445403688.5831218
2025-11-19,438423212,大工业电量,ridge_own_lags_calendar,453965688.75427765
2025-11-20,440109873,大工业电量,ridge_own_lags_calendar,439414440.4783581
2025-11-21,433004932,大工业电量,ridge_own_lags_calendar,439902688.6889452
2025-11-22,431705882,大工业电量,ridge_own_lags_calendar,429428588.3183187
2025-11-23,419878869,大工业电量,ridge_own_lags_calendar,419703565.5948487
2025-11-24,442482774,大工业电量,ridge_own_lags_calendar,431009318.6757744
2025-11-25,435432501,大工业电量,ridge_own_lags_calendar,443851278.76629525
2025-11-26,433103540,大工业电量,ridge_own_lags_calendar,433938900.25956094
2025-11-27,437525518,大工业电量,ridge_own_lags_calendar,434423305.61856455
2025-11-28,441095205,大工业电量,ridge_own_lags_calendar,437506547.35539657
2025-11-29,425957445,大工业电量,ridge_own_lags_calendar,434906653.1558085
2025-11-30,405853055,大工业电量,ridge_own_lags_calendar,412785989.37601435
2025-12-01,410861726,大工业电量,ridge_own_lags_calendar,417959899.37257487
2025-12-02,428573357,大工业电量,ridge_own_lags_calendar,415661794.1516186
2025-12-03,432067770,大工业电量,ridge_own_lags_calendar,427002251.06255126
2025-12-04,431199471,大工业电量,ridge_own_lags_calendar,431984778.8978181
2025-12-05,439036942,大工业电量,ridge_own_lags_calendar,430657731.67748094
2025-12-06,436611419,大工业电量,ridge_own_lags_calendar,433087135.20929545
2025-12-07,423536440,大工业电量,ridge_own_lags_calendar,422362642.760537
2025-12-08,434759268,大工业电量,ridge_own_lags_calendar,434077029.7324673
2025-12-09,440671486,大工业电量,ridge_own_lags_calendar,438046082.3314966
2025-12-10,446329871,大工业电量,ridge_own_lags_calendar,439840653.87869763
2025-12-11,445875735,大工业电量,ridge_own_lags_calendar,446433146.7183957
2025-12-12,455545254,大工业电量,ridge_own_lags_calendar,445797635.34039164
2025-12-13,454844634,大工业电量,ridge_own_lags_calendar,448964148.7596548
2025-12-14,421467201,大工业电量,ridge_own_lags_calendar,439417428.5410987
2025-12-15,439635748,大工业电量,ridge_own_lags_calendar,433879766.9793876
2025-12-16,432610620,大工业电量,ridge_own_lags_calendar,442878537.49918485
2025-12-17,442261158,大工业电量,ridge_own_lags_calendar,433548897.34880006
2025-12-18,451228355,大工业电量,ridge_own_lags_calendar,443461232.1350213
2025-12-19,455466036,大工业电量,ridge_own_lags_calendar,450193500.0964871
2025-12-20,447057401,大工业电量,ridge_own_lags_calendar,448830670.52426785
2025-12-21,422983838,大工业电量,ridge_own_lags_calendar,432743498.1795823
2025-12-22,446654347,大工业电量,ridge_own_lags_calendar,435007346.43745506
2025-12-23,450572557,大工业电量,ridge_own_lags_calendar,447881287.7685044
2025-12-24,448259632,大工业电量,ridge_own_lags_calendar,448543796.9584837
2025-12-25,458839640,大工业电量,ridge_own_lags_calendar,448656551.62995696
2025-12-26,439280126,大工业电量,ridge_own_lags_calendar,456583229.52829343
2025-12-27,444819161,大工业电量,ridge_own_lags_calendar,435373820.67125154
2025-12-28,430963654,大工业电量,ridge_own_lags_calendar,430101765.7849786
2025-12-29,437048333,大工业电量,ridge_own_lags_calendar,440022153.4084881
2025-12-30,436404391,大工业电量,ridge_own_lags_calendar,438562563.5255141
2025-12-31,420178313,大工业电量,ridge_own_lags_calendar,433879293.51576
2026-01-01,363765843,大工业电量,ridge_own_lags_calendar,419787973.8620939
2026-01-02,384843931,大工业电量,ridge_own_lags_calendar,374194028.45295316
2026-01-03,426031573,大工业电量,ridge_own_lags_calendar,385394507.01642436
2026-01-04,447896512,大工业电量,ridge_own_lags_calendar,409374176.6433336
2026-01-05,444790195,大工业电量,ridge_own_lags_calendar,449415371.874622
2026-01-06,459653614,大工业电量,ridge_own_lags_calendar,441128542.9723202
2026-01-07,442918557,大工业电量,ridge_own_lags_calendar,450944787.6536542
2026-01-08,450413176,大工业电量,ridge_own_lags_calendar,440712494.1486555
2026-01-09,449931011,大工业电量,ridge_own_lags_calendar,448370134.445952
2025-10-01,382819785,大工业电量,ridge_own_weather,460318569.8251018
2025-10-02,372039198,大工业电量,ridge_own_weather,393697786.8601212
2025-10-03,395077098,大工业电量,ridge_own_weather,382785937.0190464
2025-10-04,423065421,大工业电量,ridge_own_weather,396137313.1989489
2025-10-05,436375331,大工业电量,ridge_own_weather,410056983.5481093
2025-10-06,390971134,大工业电量,ridge_own_weather,442041553.8714738
2025-10-07,424000167,大工业电量,ridge_own_weather,398076412.0429244
2025-10-08,463401254,大工业电量,ridge_own_weather,421334801.139419
2025-10-09,479239605,大工业电量,ridge_own_weather,457461152.38033944
2025-10-10,473187323,大工业电量,ridge_own_weather,472155550.5438089
2025-10-11,475015965,大工业电量,ridge_own_weather,464092030.52677935
2025-10-12,463855183,大工业电量,ridge_own_weather,457779227.3244
2025-10-13,467797207,大工业电量,ridge_own_weather,471698951.7054937
2025-10-14,483890099,大工业电量,ridge_own_weather,470876624.83849657
2025-10-15,476054564,大工业电量,ridge_own_weather,481843863.3213958
2025-10-16,473185149,大工业电量,ridge_own_weather,476911852.08475494
2025-10-17,480548034,大工业电量,ridge_own_weather,474973817.61678386
2025-10-18,477479056,大工业电量,ridge_own_weather,476243386.79049844
2025-10-19,438850179,大工业电量,ridge_own_weather,464326193.1845974
2025-10-20,457629675,大工业电量,ridge_own_weather,453835120.0998658
2025-10-21,441280825,大工业电量,ridge_own_weather,462386308.8148984
2025-10-22,439171452,大工业电量,ridge_own_weather,445712784.2300556
2025-10-23,441044298,大工业电量,ridge_own_weather,444952945.3336373
2025-10-24,440015097,大工业电量,ridge_own_weather,444494813.35006326
2025-10-25,438927736,大工业电量,ridge_own_weather,437892734.41832453
2025-10-26,436572027,大工业电量,ridge_own_weather,428803247.9680927
2025-10-27,440477348,大工业电量,ridge_own_weather,448108928.2290316
2025-10-28,459803014,大工业电量,ridge_own_weather,444925941.3621303
2025-10-29,447312872,大工业电量,ridge_own_weather,453696562.485915
2025-10-30,452259652,大工业电量,ridge_own_weather,445584045.207488
2025-10-31,455513454,大工业电量,ridge_own_weather,449584142.77523404
2025-11-01,422981482,大工业电量,ridge_own_weather,448230808.956955
2025-11-02,408863978,大工业电量,ridge_own_weather,413510844.011634
2025-11-03,444113161,大工业电量,ridge_own_weather,420702424.40690947
2025-11-04,444898226,大工业电量,ridge_own_weather,443851418.09368277
2025-11-05,443291087,大工业电量,ridge_own_weather,442971271.13387585
2025-11-06,444654897,大工业电量,ridge_own_weather,443944791.26530224
2025-11-07,453028193,大工业电量,ridge_own_weather,444084776.3436969
2025-11-08,457994896,大工业电量,ridge_own_weather,446847736.3016774
2025-11-09,437364177,大工业电量,ridge_own_weather,443573635.60114884
2025-11-10,455498910,大工业电量,ridge_own_weather,448593022.55835974
2025-11-11,468373382,大工业电量,ridge_own_weather,458462586.19495964
2025-11-12,460434679,大工业电量,ridge_own_weather,466153240.2340189
2025-11-13,452267830,大工业电量,ridge_own_weather,462294951.04787076
2025-11-14,443093061,大工业电量,ridge_own_weather,455037805.6245523
2025-11-15,434395346,大工业电量,ridge_own_weather,442500257.37292844
2025-11-16,411804835,大工业电量,ridge_own_weather,425223555.2571079
2025-11-17,443490056,大工业电量,ridge_own_weather,427949772.0890725
2025-11-18,458275952,大工业电量,ridge_own_weather,445189778.397451
2025-11-19,438423212,大工业电量,ridge_own_weather,452295310.64695966
2025-11-20,440109873,大工业电量,ridge_own_weather,437604545.41903895
2025-11-21,433004932,大工业电量,ridge_own_weather,438961346.2042978
2025-11-22,431705882,大工业电量,ridge_own_weather,428700072.4236531
2025-11-23,419878869,大工业电量,ridge_own_weather,419746542.3506842
2025-11-24,442482774,大工业电量,ridge_own_weather,431852229.567763
2025-11-25,435432501,大工业电量,ridge_own_weather,443525724.69691294
2025-11-26,433103540,大工业电量,ridge_own_weather,432740441.06683606
2025-11-27,437525518,大工业电量,ridge_own_weather,433159778.5438889
2025-11-28,441095205,大工业电量,ridge_own_weather,436228598.613862
2025-11-29,425957445,大工业电量,ridge_own_weather,433864121.44047517
2025-11-30,405853055,大工业电量,ridge_own_weather,412812949.28629446
2025-12-01,410861726,大工业电量,ridge_own_weather,419390387.10689616
2025-12-02,428573357,大工业电量,ridge_own_weather,417069395.5248702
2025-12-03,432067770,大工业电量,ridge_own_weather,427388197.83340544
2025-12-04,431199471,大工业电量,ridge_own_weather,431108815.4471902
2025-12-05,439036942,大工业电量,ridge_own_weather,430092730.1927734
2025-12-06,436611419,大工业电量,ridge_own_weather,432776164.70171255
2025-12-07,423536440,大工业电量,ridge_own_weather,423003994.1130905
2025-12-08,434759268,大工业电量,ridge_own_weather,434801967.21971273
2025-12-09,440671486,大工业电量,ridge_own_weather,438334305.70258206
2025-12-10,446329871,大工业电量,ridge_own_weather,440605565.76018107
2025-12-11,445875735,大工业电量,ridge_own_weather,447268620.8989105
2025-12-12,455545254,大工业电量,ridge_own_weather,446770554.9582555
2025-12-13,454844634,大工业电量,ridge_own_weather,449419937.11316746
2025-12-14,421467201,大工业电量,ridge_own_weather,437772784.2670913
2025-12-15,439635748,大工业电量,ridge_own_weather,432150989.18783647
2025-12-16,432610620,大工业电量,ridge_own_weather,442432316.3898548
2025-12-17,442261158,大工业电量,ridge_own_weather,433885560.18366605
2025-12-18,451228355,大工业电量,ridge_own_weather,443588324.7469436
2025-12-19,455466036,大工业电量,ridge_own_weather,451310905.41305095
2025-12-20,447057401,大工业电量,ridge_own_weather,450477489.98366797
2025-12-21,422983838,大工业电量,ridge_own_weather,433463167.2630809
2025-12-22,446654347,大工业电量,ridge_own_weather,434954968.5283145
2025-12-23,450572557,大工业电量,ridge_own_weather,448519004.66425645
2025-12-24,448259632,大工业电量,ridge_own_weather,450009002.9920678
2025-12-25,458839640,大工业电量,ridge_own_weather,448191947.94204116
2025-12-26,439280126,大工业电量,ridge_own_weather,454443290.0373321
2025-12-27,444819161,大工业电量,ridge_own_weather,433741982.5094349
2025-12-28,430963654,大工业电量,ridge_own_weather,429075914.03569347
2025-12-29,437048333,大工业电量,ridge_own_weather,439607436.7067453
2025-12-30,436404391,大工业电量,ridge_own_weather,438609249.6762299
2025-12-31,420178313,大工业电量,ridge_own_weather,433829295.8323565
2026-01-01,363765843,大工业电量,ridge_own_weather,419519589.35036516
2026-01-02,384843931,大工业电量,ridge_own_weather,372519447.8676892
2026-01-03,426031573,大工业电量,ridge_own_weather,382578720.6707946
2026-01-04,447896512,大工业电量,ridge_own_weather,407829815.0557777
2026-01-05,444790195,大工业电量,ridge_own_weather,448334780.7422199
2026-01-06,459653614,大工业电量,ridge_own_weather,438869568.82284874
2026-01-07,442918557,大工业电量,ridge_own_weather,447918441.8388544
2026-01-08,450413176,大工业电量,ridge_own_weather,438014364.9614829
2026-01-09,449931011,大工业电量,ridge_own_weather,445973025.18253905
2025-10-01,275120525,居民生活,ridge_own_lags_calendar,258286373.99923712
2025-10-02,264761030,居民生活,ridge_own_lags_calendar,265847169.68008235
2025-10-03,262888599,居民生活,ridge_own_lags_calendar,256464237.73907468
2025-10-04,269869157,居民生活,ridge_own_lags_calendar,255364917.33260462
2025-10-05,277902728,居民生活,ridge_own_lags_calendar,262324350.59299898
2025-10-06,287697126,居民生活,ridge_own_lags_calendar,265502974.25616908
2025-10-07,282775996,居民生活,ridge_own_lags_calendar,278069472.7593868
2025-10-08,282807841,居民生活,ridge_own_lags_calendar,269854681.2405856
2025-10-09,262183045,居民生活,ridge_own_lags_calendar,270547248.33837867
2025-10-10,251649981,居民生活,ridge_own_lags_calendar,253400415.87658665
2025-10-11,253919182,居民生活,ridge_own_lags_calendar,245724727.9127515
2025-10-12,268558168,居民生活,ridge_own_lags_calendar,249002733.75148255
2025-10-13,259589508,居民生活,ridge_own_lags_calendar,258413119.9433613
2025-10-14,251816129,居民生活,ridge_own_lags_calendar,252725516.27523184
2025-10-15,242925478,居民生活,ridge_own_lags_calendar,243047401.8337796
2025-10-16,241430770,居民生活,ridge_own_lags_calendar,236623039.4537909
2025-10-17,236458099,居民生活,ridge_own_lags_calendar,238972305.1756378
2025-10-18,246111417,居民生活,ridge_own_lags_calendar,238130182.85853007
2025-10-19,222008437,居民生活,ridge_own_lags_calendar,247014183.2484582
2025-10-20,175764811,居民生活,ridge_own_lags_calendar,218066687.54854545
2025-10-21,152197387,居民生活,ridge_own_lags_calendar,178409115.37866008
2025-10-22,147156464,居民生活,ridge_own_lags_calendar,158550818.37049437
2025-10-23,146277938,居民生活,ridge_own_lags_calendar,157004045.13757932
2025-10-24,145689543,居民生活,ridge_own_lags_calendar,157632827.21224785
2025-10-25,147455093,居民生活,ridge_own_lags_calendar,157552224.07565856
2025-10-26,152897271,居民生活,ridge_own_lags_calendar,157948240.31787515
2025-10-27,148036748,居民生活,ridge_own_lags_calendar,155754521.41186
2025-10-28,146838049,居民生活,ridge_own_lags_calendar,153205703.6577656
2025-10-29,146817318,居民生活,ridge_own_lags_calendar,148667886.61651385
2025-10-30,148062193,居民生活,ridge_own_lags_calendar,149891426.1434427
2025-10-31,148695946,居民生活,ridge_own_lags_calendar,152911186.3559008
2025-11-01,147621791,居民生活,ridge_own_lags_calendar,154897560.39416513
2025-11-02,148884473,居民生活,ridge_own_lags_calendar,152126067.85371906
2025-11-03,146758156,居民生活,ridge_own_lags_calendar,146000195.8801879
2025-11-04,148320028,居民生活,ridge_own_lags_calendar,147097723.56665266
2025-11-05,148133948,居民生活,ridge_own_lags_calendar,145973865.87595785
2025-11-06,147986138,居民生活,ridge_own_lags_calendar,147189830.75893942
2025-11-07,150964168,居民生活,ridge_own_lags_calendar,148991220.4477055
2025-11-08,152863489,居民生活,ridge_own_lags_calendar,153198234.39753214
2025-11-09,157173071,居民生活,ridge_own_lags_calendar,153397098.66654623
2025-11-10,149348310,居民生活,ridge_own_lags_calendar,151523890.28845185
2025-11-11,147920802,居民生活,ridge_own_lags_calendar,147711560.07390618
2025-11-12,148083434,居民生活,ridge_own_lags_calendar,144567026.70948455
2025-11-13,148502270,居民生活,ridge_own_lags_calendar,146015014.6416314
2025-11-14,147171396,居民生活,ridge_own_lags_calendar,148556152.59748146
2025-11-15,146638768,居民生活,ridge_own_lags_calendar,148756945.03427956
2025-11-16,150358983,居民生活,ridge_own_lags_calendar,148435745.05435264
2025-11-17,147754591,居民生活,ridge_own_lags_calendar,147931038.4773204
2025-11-18,151147255,居民生活,ridge_own_lags_calendar,149679514.4509008
2025-11-19,156013493,居民生活,ridge_own_lags_calendar,150815518.68116856
2025-11-20,158491827,居民生活,ridge_own_lags_calendar,156329318.91248092
2025-11-21,156960167,居民生活,ridge_own_lags_calendar,160216838.9215106
2025-11-22,156479475,居民生活,ridge_own_lags_calendar,160277462.6189864
2025-11-23,158080233,居民生活,ridge_own_lags_calendar,159034332.18620422
2025-11-24,152431120,居民生活,ridge_own_lags_calendar,155201247.5718751
2025-11-25,153118170,居民生活,ridge_own_lags_calendar,153720288.4827698
2025-11-26,155762515,居民生活,ridge_own_lags_calendar,152458328.26569572
2025-11-27,157157205,居民生活,ridge_own_lags_calendar,156120767.24548337
2025-11-28,159012171,居民生活,ridge_own_lags_calendar,159135370.0402791
2025-11-29,159455674,居民生活,ridge_own_lags_calendar,162637080.15358096
2025-11-30,161733570,居民生活,ridge_own_lags_calendar,162353988.09964636
2025-12-01,155506605,居民生活,ridge_own_lags_calendar,158681869.23429933
2025-12-02,154272482,居民生活,ridge_own_lags_calendar,156274075.38696
2025-12-03,155473841,居民生活,ridge_own_lags_calendar,153277517.06810293
2025-12-04,158198586,居民生活,ridge_own_lags_calendar,155744323.55513328
2025-12-05,157944028,居民生活,ridge_own_lags_calendar,159983027.896655
2025-12-06,156945681,居民生活,ridge_own_lags_calendar,161339200.52500594
2025-12-07,159688949,居民生活,ridge_own_lags_calendar,159532152.49644578
2025-12-08,155318433,居民生活,ridge_own_lags_calendar,157006280.52139935
2025-12-09,156874010,居民生活,ridge_own_lags_calendar,156559624.72020274
2025-12-10,155622761,居民生活,ridge_own_lags_calendar,155920131.50594482
2025-12-11,154981408,居民生活,ridge_own_lags_calendar,155844817.8432006
2025-12-12,155380420,居民生活,ridge_own_lags_calendar,157278202.4728695
2025-12-13,158432754,居民生活,ridge_own_lags_calendar,159790218.50912726
2025-12-14,167291386,居民生活,ridge_own_lags_calendar,162143410.05720216
2025-12-15,166704616,居民生活,ridge_own_lags_calendar,164859950.72445613
2025-12-16,165366798,居民生活,ridge_own_lags_calendar,167132006.85082456
2025-12-17,161833474,居民生活,ridge_own_lags_calendar,163194876.9673471
2025-12-18,161646794,居民生活,ridge_own_lags_calendar,160898840.33015585
2025-12-19,161784728,居民生活,ridge_own_lags_calendar,163363921.9531987
2025-12-20,161579920,居民生活,ridge_own_lags_calendar,165717694.7879359
2025-12-21,167818367,居民生活,ridge_own_lags_calendar,164945719.50476548
2025-12-22,161298688,居民生活,ridge_own_lags_calendar,165297782.37382
2025-12-23,160328949,居民生活,ridge_own_lags_calendar,162504677.0438021
2025-12-24,159515163,居民生活,ridge_own_lags_calendar,159075393.13374093
2025-12-25,166258558,居民生活,ridge_own_lags_calendar,159373789.7523259
2025-12-26,172743388,居民生活,ridge_own_lags_calendar,167317611.91672292
2025-12-27,171906866,居民生活,ridge_own_lags_calendar,175005363.13824853
2025-12-28,175065229,居民生活,ridge_own_lags_calendar,173129186.51704887
2025-12-29,167773109,居民生活,ridge_own_lags_calendar,170639662.1977062
2025-12-30,167030401,居民生活,ridge_own_lags_calendar,167304292.50648275
2025-12-31,166764289,居民生活,ridge_own_lags_calendar,164514093.7839363
2026-01-01,170823875,居民生活,ridge_own_lags_calendar,165987286.20829982
2026-01-02,173789053,居民生活,ridge_own_lags_calendar,171430124.22507164
2026-01-03,186498212,居民生活,ridge_own_lags_calendar,176010842.78065142
2026-01-04,180699527,居民生活,ridge_own_lags_calendar,186752010.08282167
2026-01-05,179510387,居民生活,ridge_own_lags_calendar,175130840.9080267
2026-01-06,187488596,居民生活,ridge_own_lags_calendar,176962317.59611696
2026-01-07,192452859,居民生活,ridge_own_lags_calendar,183193325.58711633
2026-01-08,193161038,居民生活,ridge_own_lags_calendar,188755933.36246532
2026-01-09,193104164,居民生活,ridge_own_lags_calendar,190960607.32601887
2025-10-01,275120525,居民生活,ridge_own_weather,261941063.9811888
2025-10-02,264761030,居民生活,ridge_own_weather,263816941.32507193
2025-10-03,262888599,居民生活,ridge_own_weather,256182911.88885096
2025-10-04,269869157,居民生活,ridge_own_weather,256887740.7748992
2025-10-05,277902728,居民生活,ridge_own_weather,263623175.03246325
2025-10-06,287697126,居民生活,ridge_own_weather,267305033.60695574
2025-10-07,282775996,居民生活,ridge_own_weather,273961422.9558311
2025-10-08,282807841,居民生活,ridge_own_weather,266655699.77232608
2025-10-09,262183045,居民生活,ridge_own_weather,265918716.67658252
2025-10-10,251649981,居民生活,ridge_own_weather,250611557.5973102
2025-10-11,253919182,居民生活,ridge_own_weather,246799065.6436678
2025-10-12,268558168,居民生活,ridge_own_weather,248611562.50389826
2025-10-13,259589508,居民生活,ridge_own_weather,255576862.78244236
2025-10-14,251816129,居民生活,ridge_own_weather,249488557.46847957
2025-10-15,242925478,居民生活,ridge_own_weather,242258353.4701181
2025-10-16,241430770,居民生活,ridge_own_weather,236328472.5691892
2025-10-17,236458099,居民生活,ridge_own_weather,236330508.94944218
2025-10-18,246111417,居民生活,ridge_own_weather,235347238.53538597
2025-10-19,222008437,居民生活,ridge_own_weather,233225200.65465596
2025-10-20,175764811,居民生活,ridge_own_weather,194253318.26417422
2025-10-21,152197387,居民生活,ridge_own_weather,165830554.16433376
2025-10-22,147156464,居民生活,ridge_own_weather,148514214.3988336
2025-10-23,146277938,居民生活,ridge_own_weather,145907387.59488824
2025-10-24,145689543,居民生活,ridge_own_weather,145369080.67773837
2025-10-25,147455093,居民生活,ridge_own_weather,146358812.98285455
2025-10-26,152897271,居民生活,ridge_own_weather,148799760.57814553
2025-10-27,148036748,居民生活,ridge_own_weather,145239883.91199994
2025-10-28,146838049,居民生活,ridge_own_weather,143695085.3344154
2025-10-29,146817318,居民生活,ridge_own_weather,141122101.94632417
2025-10-30,148062193,居民生活,ridge_own_weather,143727600.63479644
2025-10-31,148695946,居民生活,ridge_own_weather,144686699.00671953
2025-11-01,147621791,居民生活,ridge_own_weather,145844723.22505885
2025-11-02,148884473,居民生活,ridge_own_weather,144885070.19767088
2025-11-03,146758156,居民生活,ridge_own_weather,139873341.55504295
2025-11-04,148320028,居民生活,ridge_own_weather,139026491.83912027
2025-11-05,148133948,居民生活,ridge_own_weather,139228803.71027935
2025-11-06,147986138,居民生活,ridge_own_weather,141962508.08666503
2025-11-07,150964168,居民生活,ridge_own_weather,143700385.02139294
2025-11-08,152863489,居民生活,ridge_own_weather,149556551.9631688
2025-11-09,157173071,居民生活,ridge_own_weather,149571893.42596093
2025-11-10,149348310,居民生活,ridge_own_weather,144784318.32045355
2025-11-11,147920802,居民生活,ridge_own_weather,140092647.60391474
2025-11-12,148083434,居民生活,ridge_own_weather,137953326.18862772
2025-11-13,148502270,居民生活,ridge_own_weather,139060959.53198373
2025-11-14,147171396,居民生活,ridge_own_weather,142427408.2078057
2025-11-15,146638768,居民生活,ridge_own_weather,143130883.65614063
2025-11-16,150358983,居民生活,ridge_own_weather,142749047.87534755
2025-11-17,147754591,居民生活,ridge_own_weather,140974893.56902644
2025-11-18,151147255,居民生活,ridge_own_weather,149335345.5011634
2025-11-19,156013493,居民生活,ridge_own_weather,154497693.00193587
2025-11-20,158491827,居民生活,ridge_own_weather,157536793.58759674
2025-11-21,156960167,居民生活,ridge_own_weather,156909544.79245088
2025-11-22,156479475,居民生活,ridge_own_weather,157171740.8639077
2025-11-23,158080233,居民生活,ridge_own_weather,153615229.26358387
2025-11-24,152431120,居民生活,ridge_own_weather,148206881.81525367
2025-11-25,153118170,居民生活,ridge_own_weather,151785695.77669182
2025-11-26,155762515,居民生活,ridge_own_weather,154194143.74188265
2025-11-27,157157205,居民生活,ridge_own_weather,155108394.8513446
2025-11-28,159012171,居民生活,ridge_own_weather,158666155.44424066
2025-11-29,159455674,居民生活,ridge_own_weather,158702748.1292579
2025-11-30,161733570,居民生活,ridge_own_weather,157540807.408548
2025-12-01,155506605,居民生活,ridge_own_weather,149529527.70955282
2025-12-02,154272482,居民生活,ridge_own_weather,149384860.3597681
2025-12-03,155473841,居民生活,ridge_own_weather,152140633.74168727
2025-12-04,158198586,居民生活,ridge_own_weather,158690751.9402863
2025-12-05,157944028,居民生活,ridge_own_weather,157964008.57964474
2025-12-06,156945681,居民生活,ridge_own_weather,158756080.58247763
2025-12-07,159688949,居民生活,ridge_own_weather,155608760.7523356
2025-12-08,155318433,居民生活,ridge_own_weather,153259006.18967372
2025-12-09,156874010,居民生活,ridge_own_weather,156887406.08826178
2025-12-10,155622761,居民生活,ridge_own_weather,152446510.46058786
2025-12-11,154981408,居民生活,ridge_own_weather,152351233.4940039
2025-12-12,155380420,居民生活,ridge_own_weather,155202698.37864223
2025-12-13,158432754,居民生活,ridge_own_weather,157255581.70870236
2025-12-14,167291386,居民生活,ridge_own_weather,166653151.3609169
2025-12-15,166704616,居民生活,ridge_own_weather,167371691.7899813
2025-12-16,165366798,居民生活,ridge_own_weather,163803772.32993278
2025-12-17,161833474,居民生活,ridge_own_weather,160052032.64187026
2025-12-18,161646794,居民生活,ridge_own_weather,161854720.6397907
2025-12-19,161784728,居民生活,ridge_own_weather,159219998.92341787
2025-12-20,161579920,居民生活,ridge_own_weather,158580189.3501165
2025-12-21,167818367,居民生活,ridge_own_weather,163532794.5465129
2025-12-22,161298688,居民生活,ridge_own_weather,164349372.61076593
2025-12-23,160328949,居民生活,ridge_own_weather,159291099.0665957
2025-12-24,159515163,居民生活,ridge_own_weather,155491443.64105445
2025-12-25,166258558,居民生活,ridge_own_weather,161003779.7400624
2025-12-26,172743388,居民生活,ridge_own_weather,173652563.38326234
2025-12-27,171906866,居民生活,ridge_own_weather,175661976.847962
2025-12-28,175065229,居民生活,ridge_own_weather,173901232.10532764
2025-12-29,167773109,居民生活,ridge_own_weather,168279425.03247005
2025-12-30,167030401,居民生活,ridge_own_weather,166450855.63744527
2025-12-31,166764289,居民生活,ridge_own_weather,167669966.4050905
2026-01-01,170823875,居民生活,ridge_own_weather,169835940.194108
2026-01-02,173789053,居民生活,ridge_own_weather,176551907.41247004
2026-01-03,186498212,居民生活,ridge_own_weather,183476390.86021554
2026-01-04,180699527,居民生活,ridge_own_weather,185232052.56884515
2026-01-05,179510387,居民生活,ridge_own_weather,176792186.11266482
2026-01-06,187488596,居民生活,ridge_own_weather,182302605.00309268
2026-01-07,192452859,居民生活,ridge_own_weather,188020567.15754205
2026-01-08,193161038,居民生活,ridge_own_weather,191249423.46675
2026-01-09,193104164,居民生活,ridge_own_weather,191252062.2355642
2025-10-01,116501564,商业用电,ridge_own_lags_calendar,119476153.20330547
2025-10-02,116628752,商业用电,ridge_own_lags_calendar,114709797.34792797
2025-10-03,117317831,商业用电,ridge_own_lags_calendar,115887638.8664007
2025-10-04,118156628,商业用电,ridge_own_lags_calendar,113152068.6911395
2025-10-05,117906171,商业用电,ridge_own_lags_calendar,113634659.72296678
2025-10-06,111093382,商业用电,ridge_own_lags_calendar,118069854.3065079
2025-10-07,115752706,商业用电,ridge_own_lags_calendar,110636980.02784199
2025-10-08,115163072,商业用电,ridge_own_lags_calendar,112991500.8071457
2025-10-09,117913460,商业用电,ridge_own_lags_calendar,112841042.4947321
2025-10-10,116441878,商业用电,ridge_own_lags_calendar,116308624.80219293
2025-10-11,117868820,商业用电,ridge_own_lags_calendar,112088545.328964
2025-10-12,111295501,商业用电,ridge_own_lags_calendar,113002054.12650861
2025-10-13,118472137,商业用电,ridge_own_lags_calendar,112636268.94711265
2025-10-14,116730305,商业用电,ridge_own_lags_calendar,115491451.27436417
2025-10-15,116015521,商业用电,ridge_own_lags_calendar,114039427.11494571
2025-10-16,115707597,商业用电,ridge_own_lags_calendar,113416951.2743896
2025-10-17,115951191,商业用电,ridge_own_lags_calendar,114912268.48008426
2025-10-18,113528182,商业用电,ridge_own_lags_calendar,112340590.47728728
2025-10-19,103202475,商业用电,ridge_own_lags_calendar,110196766.81802358
2025-10-20,92604268,商业用电,ridge_own_lags_calendar,106388791.9701118
2025-10-21,81880025,商业用电,ridge_own_lags_calendar,95901937.97003025
2025-10-22,79064191,商业用电,ridge_own_lags_calendar,87176408.15043367
2025-10-23,78892913,商业用电,ridge_own_lags_calendar,84041006.35459867
2025-10-24,81088537,商业用电,ridge_own_lags_calendar,84608568.03821234
2025-10-25,82589090,商业用电,ridge_own_lags_calendar,82685528.89007777
2025-10-26,81690575,商业用电,ridge_own_lags_calendar,82771667.8291189
2025-10-27,79848739,商业用电,ridge_own_lags_calendar,86305566.4638677
2025-10-28,77938793,商业用电,ridge_own_lags_calendar,82055240.06627277
2025-10-29,79299863,商业用电,ridge_own_lags_calendar,80189118.63443533
2025-10-30,80690276,商业用电,ridge_own_lags_calendar,80961641.8092779
2025-10-31,83251072,商业用电,ridge_own_lags_calendar,83640268.73220669
2025-11-01,79948044,商业用电,ridge_own_lags_calendar,82259131.8053108
2025-11-02,76341587,商业用电,ridge_own_lags_calendar,79210172.77782497
2025-11-03,74153320,商业用电,ridge_own_lags_calendar,80601411.98279001
2025-11-04,73046309,商业用电,ridge_own_lags_calendar,76063124.34147337
2025-11-05,75584025,商业用电,ridge_own_lags_calendar,74572548.39370993
2025-11-06,77937914,商业用电,ridge_own_lags_calendar,76021331.21820128
2025-11-07,82473612,商业用电,ridge_own_lags_calendar,79341575.66618255
2025-11-08,83767248,商业用电,ridge_own_lags_calendar,79454863.27313818
2025-11-09,81840435,商业用电,ridge_own_lags_calendar,80323105.29818612
2025-11-10,77833267,商业用电,ridge_own_lags_calendar,83189114.24347846
2025-11-11,75828928,商业用电,ridge_own_lags_calendar,77893386.52970545
2025-11-12,74488091,商业用电,ridge_own_lags_calendar,75970397.0673959
2025-11-13,75630282,商业用电,ridge_own_lags_calendar,74886629.6310014
2025-11-14,76137224,商业用电,ridge_own_lags_calendar,77367302.48855978
2025-11-15,75730312,商业用电,ridge_own_lags_calendar,74612731.57850373
2025-11-16,74464157,商业用电,ridge_own_lags_calendar,73875649.81887187
2025-11-17,75606180,商业用电,ridge_own_lags_calendar,77366916.06785275
2025-11-18,73574550,商业用电,ridge_own_lags_calendar,75767391.83326255
2025-11-19,71966341,商业用电,ridge_own_lags_calendar,73964256.33281116
2025-11-20,72084541,商业用电,ridge_own_lags_calendar,72709626.32556961
2025-11-21,73222529,商业用电,ridge_own_lags_calendar,74374679.33347905
2025-11-22,72505253,商业用电,ridge_own_lags_calendar,72027405.04886936
2025-11-23,71317540,商业用电,ridge_own_lags_calendar,71079556.7697624
2025-11-24,73104350,商业用电,ridge_own_lags_calendar,74497838.88361488
2025-11-25,72919606,商业用电,ridge_own_lags_calendar,73345821.86286153
2025-11-26,72192476,商业用电,ridge_own_lags_calendar,72789838.39543179
2025-11-27,72516920,商业用电,ridge_own_lags_calendar,72170819.91189253
2025-11-28,73299442,商业用电,ridge_own_lags_calendar,73936724.00502755
2025-11-29,73164119,商业用电,ridge_own_lags_calendar,71450423.72005038
2025-11-30,71612622,商业用电,ridge_own_lags_calendar,71081968.1968998
2025-12-01,72637169,商业用电,ridge_own_lags_calendar,74475979.78017448
2025-12-02,73077031,商业用电,ridge_own_lags_calendar,72789730.57747562
2025-12-03,72252415,商业用电,ridge_own_lags_calendar,72659258.716429
2025-12-04,71604705,商业用电,ridge_own_lags_calendar,71968905.5356513
2025-12-05,72700548,商业用电,ridge_own_lags_calendar,72975233.69318944
2025-12-06,72170528,商业用电,ridge_own_lags_calendar,70553159.6110272
2025-12-07,70933178,商业用电,ridge_own_lags_calendar,69842959.1577604
2025-12-08,71775931,商业用电,ridge_own_lags_calendar,73482001.89247972
2025-12-09,72003765,商业用电,ridge_own_lags_calendar,71737581.90874618
2025-12-10,72657554,商业用电,ridge_own_lags_calendar,71538360.33864224
2025-12-11,72756716,商业用电,ridge_own_lags_calendar,71966531.21802118
2025-12-12,73329120,商业用电,ridge_own_lags_calendar,73705579.38705963
2025-12-13,72925267,商业用电,ridge_own_lags_calendar,71002300.67058508
2025-12-14,70737683,商业用电,ridge_own_lags_calendar,70389799.77777267
2025-12-15,72258992,商业用电,ridge_own_lags_calendar,73246192.4308363
2025-12-16,72491666,商业用电,ridge_own_lags_calendar,72023230.90755883
2025-12-17,72703086,商业用电,ridge_own_lags_calendar,71899313.60617277
2025-12-18,72735282,商业用电,ridge_own_lags_calendar,72030832.78143169
2025-12-19,74116963,商业用电,ridge_own_lags_calendar,73708779.50737974
2025-12-20,73189025,商业用电,ridge_own_lags_calendar,71564055.08905935
2025-12-21,71156255,商业用电,ridge_own_lags_calendar,70546027.15452924
2025-12-22,71869115,商业用电,ridge_own_lags_calendar,73509042.24438873
2025-12-23,72289560,商业用电,ridge_own_lags_calendar,71678411.59399852
2025-12-24,73366816,商业用电,ridge_own_lags_calendar,71651272.3088904
2025-12-25,74866764,商业用电,ridge_own_lags_calendar,72388477.97788817
2025-12-26,75576183,商业用电,ridge_own_lags_calendar,75131039.21587275
2025-12-27,74039680,商业用电,ridge_own_lags_calendar,72579833.83491813
2025-12-28,72352491,商业用电,ridge_own_lags_calendar,71133943.6097675
2025-12-29,73321641,商业用电,ridge_own_lags_calendar,74377228.59277235
2025-12-30,73353874,商业用电,ridge_own_lags_calendar,72721903.89692158
2025-12-31,76239696,商业用电,ridge_own_lags_calendar,72494266.88662313
2026-01-01,74484734,商业用电,ridge_own_lags_calendar,74510838.81383367
2026-01-02,73953313,商业用电,ridge_own_lags_calendar,74975604.81829408
2026-01-03,73756804,商业用电,ridge_own_lags_calendar,71384588.88571769
2026-01-04,73657574,商业用电,ridge_own_lags_calendar,70868323.55699226
2026-01-05,74046233,商业用电,ridge_own_lags_calendar,75262237.90844193
2026-01-06,76763304,商业用电,ridge_own_lags_calendar,73271575.92899303
2026-01-07,77087396,商业用电,ridge_own_lags_calendar,74950550.80650967
2026-01-08,77536442,商业用电,ridge_own_lags_calendar,75295916.24025388
2026-01-09,78412243,商业用电,ridge_own_lags_calendar,77314527.53188346
2025-10-01,116501564,商业用电,ridge_own_weather,120835938.63271466
2025-10-02,116628752,商业用电,ridge_own_weather,117330495.70602499
2025-10-03,117317831,商业用电,ridge_own_weather,117584373.37666559
2025-10-04,118156628,商业用电,ridge_own_weather,115125275.63456139
2025-10-05,117906171,商业用电,ridge_own_weather,115204681.10344006
2025-10-06,111093382,商业用电,ridge_own_weather,120133042.32552095
2025-10-07,115752706,商业用电,ridge_own_weather,115222854.07228899
2025-10-08,115163072,商业用电,ridge_own_weather,115196155.25120871
2025-10-09,117913460,商业用电,ridge_own_weather,114674883.59608842
2025-10-10,116441878,商业用电,ridge_own_weather,115898201.81869783
2025-10-11,117868820,商业用电,ridge_own_weather,113237432.76803002
2025-10-12,111295501,商业用电,ridge_own_weather,112953120.18689956
2025-10-13,118472137,商业用电,ridge_own_weather,114620779.20159261
2025-10-14,116730305,商业用电,ridge_own_weather,115117695.35111679
2025-10-15,116015521,商业用电,ridge_own_weather,114200751.35150474
2025-10-16,115707597,商业用电,ridge_own_weather,113567948.7675914
2025-10-17,115951191,商业用电,ridge_own_weather,114216292.50654009
2025-10-18,113528182,商业用电,ridge_own_weather,111257495.75434998
2025-10-19,103202475,商业用电,ridge_own_weather,105895589.54037932
2025-10-20,92604268,商业用电,ridge_own_weather,96562420.7553393
2025-10-21,81880025,商业用电,ridge_own_weather,87561559.5240418
2025-10-22,79064191,商业用电,ridge_own_weather,81645825.10183306
2025-10-23,78892913,商业用电,ridge_own_weather,79527586.15295565
2025-10-24,81088537,商业用电,ridge_own_weather,79906150.51824337
2025-10-25,82589090,商业用电,ridge_own_weather,79001123.65667522
2025-10-26,81690575,商业用电,ridge_own_weather,78925144.38476591
2025-10-27,79848739,商业用电,ridge_own_weather,80274409.76648673
2025-10-28,77938793,商业用电,ridge_own_weather,76751361.8582316
2025-10-29,79299863,商业用电,ridge_own_weather,76925893.76233709
2025-10-30,80690276,商业用电,ridge_own_weather,79009144.42589477
2025-10-31,83251072,商业用电,ridge_own_weather,80530186.86596611
2025-11-01,79948044,商业用电,ridge_own_weather,77275607.67249042
2025-11-02,76341587,商业用电,ridge_own_weather,74296549.52406092
2025-11-03,74153320,商业用电,ridge_own_weather,75056855.92205612
2025-11-04,73046309,商业用电,ridge_own_weather,71596054.85722798
2025-11-05,75584025,商业用电,ridge_own_weather,72359697.40416753
2025-11-06,77937914,商业用电,ridge_own_weather,75241237.0908293
2025-11-07,82473612,商业用电,ridge_own_weather,79239603.52052556
2025-11-08,83767248,商业用电,ridge_own_weather,79383883.73947813
2025-11-09,81840435,商业用电,ridge_own_weather,78817804.68417798
2025-11-10,77833267,商业用电,ridge_own_weather,78792463.75915298
2025-11-11,75828928,商业用电,ridge_own_weather,73735111.98901539
2025-11-12,74488091,商业用电,ridge_own_weather,72533846.39921054
2025-11-13,75630282,商业用电,ridge_own_weather,72369247.49344951
2025-11-14,76137224,商业用电,ridge_own_weather,74148708.26693684
2025-11-15,75730312,商业用电,ridge_own_weather,71692480.01311271
2025-11-16,74464157,商业用电,ridge_own_weather,70614084.50408639
2025-11-17,75606180,商业用电,ridge_own_weather,73760590.35002238
2025-11-18,73574550,商业用电,ridge_own_weather,73036210.94128264
2025-11-19,71966341,商业用电,ridge_own_weather,72560175.13322152
2025-11-20,72084541,商业用电,ridge_own_weather,71730951.13297142
2025-11-21,73222529,商业用电,ridge_own_weather,72599423.83906142
2025-11-22,72505253,商业用电,ridge_own_weather,70067969.58140913
2025-11-23,71317540,商业用电,ridge_own_weather,68621773.20294112
2025-11-24,73104350,商业用电,ridge_own_weather,71676145.84979442
2025-11-25,72919606,商业用电,ridge_own_weather,71440009.06229863
2025-11-26,72192476,商业用电,ridge_own_weather,71669813.18087304
2025-11-27,72516920,商业用电,ridge_own_weather,71085409.9094499
2025-11-28,73299442,商业用电,ridge_own_weather,72440373.34690574
2025-11-29,73164119,商业用电,ridge_own_weather,69741770.85843426
2025-11-30,71612622,商业用电,ridge_own_weather,68525297.2358584
2025-12-01,72637169,商业用电,ridge_own_weather,71456395.58661157
2025-12-02,73077031,商业用电,ridge_own_weather,71034083.04110631
2025-12-03,72252415,商业用电,ridge_own_weather,71376702.72816233
2025-12-04,71604705,商业用电,ridge_own_weather,71610336.80204879
2025-12-05,72700548,商业用电,ridge_own_weather,72023567.43580942
2025-12-06,72170528,商业用电,ridge_own_weather,69577708.2465299
2025-12-07,70933178,商业用电,ridge_own_weather,68252079.43628998
2025-12-08,71775931,商业用电,ridge_own_weather,71627130.25677748
2025-12-09,72003765,商业用电,ridge_own_weather,71172207.98151658
2025-12-10,72657554,商业用电,ridge_own_weather,70837132.20068692
2025-12-11,72756716,商业用电,ridge_own_weather,71068856.54607971
2025-12-12,73329120,商业用电,ridge_own_weather,72345600.9975883
2025-12-13,72925267,商业用电,ridge_own_weather,69310567.70654829
2025-12-14,70737683,商业用电,ridge_own_weather,69121288.51839975
2025-12-15,72258992,商业用电,ridge_own_weather,72339068.8593884
2025-12-16,72491666,商业用电,ridge_own_weather,71181496.50427094
2025-12-17,72703086,商业用电,ridge_own_weather,71130778.37821198
2025-12-18,72735282,商业用电,ridge_own_weather,71512710.70949702
2025-12-19,74116963,商业用电,ridge_own_weather,72405082.62470803
2025-12-20,73189025,商业用电,ridge_own_weather,69662072.75087142
2025-12-21,71156255,商业用电,ridge_own_weather,69012575.53398737
2025-12-22,71869115,商业用电,ridge_own_weather,72276633.16878816
2025-12-23,72289560,商业用电,ridge_own_weather,70976246.23258212
2025-12-24,73366816,商业用电,ridge_own_weather,70859728.27706139
2025-12-25,74866764,商业用电,ridge_own_weather,70824276.63077903
2025-12-26,75576183,商业用电,ridge_own_weather,74145966.42269452
2025-12-27,74039680,商业用电,ridge_own_weather,71486047.36968988
2025-12-28,72352491,商业用电,ridge_own_weather,69887495.07653037
2025-12-29,73321641,商业用电,ridge_own_weather,72675215.72394183
2025-12-30,73353874,商业用电,ridge_own_weather,72002969.30243805
2025-12-31,76239696,商业用电,ridge_own_weather,72297312.27668072
2026-01-01,74484734,商业用电,ridge_own_weather,73668176.95467734
2026-01-02,73953313,商业用电,ridge_own_weather,74464495.74041523
2026-01-03,73756804,商业用电,ridge_own_weather,71577286.17494231
2026-01-04,73657574,商业用电,ridge_own_weather,70023445.89790574
2026-01-05,74046233,商业用电,ridge_own_weather,73766564.87419745
2026-01-06,76763304,商业用电,ridge_own_weather,73256046.54079859
2026-01-07,77087396,商业用电,ridge_own_weather,74371508.7439355
2026-01-08,77536442,商业用电,ridge_own_weather,74407779.1628451
2026-01-09,78412243,商业用电,ridge_own_weather,75602068.33412807
