日期,actual,prediction,lower_90,median_bias_adjusted,upper_90,covered_90
2025-10-01,893877447,976188187.5271889,940613199.4269074,977908077.4788942,1005881312.5865446,False
2025-10-02,877524402,872035415.611333,836460427.5110515,873755305.5630383,901728540.6706887,True
2025-10-03,906128774,880160705.2204792,844585717.1201978,881880595.1721846,909853830.279835,True
2025-10-04,947397946,904737360.9917392,869162372.8914577,906457250.9434445,934430486.0510949,False
2025-10-05,967898095,931470252.2193807,895895264.1190993,933190142.1710861,961163377.2787365,False
2025-10-06,909397624,973403829.2582306,937828841.1579491,975123719.2099359,1003096954.3175863,False
2025-10-07,958058211,890738929.3876245,855163941.287343,892458819.3393298,920432054.4469802,False
2025-10-08,1002652065,951550601.5391048,915975613.4388233,953270491.4908102,981243726.5984606,False
2025-10-09,1006596066,988901238.286523,953326250.1862415,990621128.2382283,1018594363.3458787,True
2025-10-10,988218980,988121281.5545058,952546293.4542243,989841171.5062112,1017814406.6138616,True
2025-10-11,993216057,959942171.9996597,924367183.8993782,961662061.951365,989635297.0590154,False
2025-10-12,982996119,960814222.8200865,925239234.719805,962534112.7717918,990507347.8794422,True
2025-10-13,994158096,985068632.0097383,949493643.9094568,986788521.9614437,1014761757.0690941,True
2025-10-14,999440675,985071819.8155262,949496831.7152448,986791709.7672316,1014764944.874882,True
2025-10-15,979563855,989659575.1565691,954084587.0562876,991379465.1082745,1019352700.2159249,True
2025-10-16,973453600,971372820.8029007,935797832.7026192,973092710.754606,1001065945.8622564,True
2025-10-17,976535370,971621365.5232055,936046377.422924,973341255.4749109,1001314490.5825613,True
2025-10-18,976325746,964522197.2629098,928947209.1626283,966242087.2146151,994215322.3222655,True
2025-10-19,896789087,956215116.2668561,920640128.1665746,957935006.2185614,985908241.3262118,False
2025-10-20,853624251,915948029.5630069,880373041.4627254,917667919.5147122,945641154.6223626,False
2025-10-21,795444895,861428600.6483517,825853612.5480702,863148490.600057,891121725.7077074,False
2025-10-22,783518576,803784965.4407153,768209977.3404338,805504855.3924206,833478090.500071,True
2025-10-23,783134792,797440275.3677942,761865287.2675127,799160165.3194995,827133400.4271499,True
2025-10-24,786285205,800390200.1209009,764815212.0206194,802110090.0726062,830083325.1802566,True
2025-10-25,787344834,791060937.1087277,755485949.0084462,792780827.060433,820754062.1680834,True
2025-10-26,788309358,784261300.2636746,748686312.1633931,785981190.21538,813954425.3230304,True
2025-10-27,788347388,813470810.2559026,777895822.1556212,815190700.207608,843163935.3152584,True
2025-10-28,803213606,798437770.1954936,762862782.0952121,800157660.1471989,828130895.2548493,True
2025-10-29,791815205,808827786.9593202,773252798.8590387,810547676.9110255,838520912.0186759,True
2025-10-30,801523722,795753499.7969059,760178511.6966244,797473389.7486112,825446624.8562616,True
2025-10-31,806599754,809023632.9555795,773448644.855298,810743522.9072849,838716758.0149353,True
2025-11-01,760921367,797787853.0816445,762212864.981363,799507743.0333499,827480978.1410003,False
2025-11-02,744828378,746721568.339031,711146580.2387495,748441458.2907363,776414693.3983867,True
2025-11-03,780447693,773113635.0493304,737538646.9490489,774833525.0010357,802806760.1086861,True
2025-11-04,782600645,792182755.125126,756607767.0248445,793902645.0768313,821875880.1844817,True
2025-11-05,784108702,784684388.1532907,749109400.0530093,786404278.1049961,814377513.2126465,True
2025-11-06,789959014,788659719.938535,753084731.8382535,790379609.8902403,818352844.9978907,True
2025-11-07,808798324,797174971.4517187,761599983.3514372,798894861.403424,826868096.5110744,True
2025-11-08,816286170,804056369.6838001,768481381.5835186,805776259.6355054,833749494.7431558,True
2025-11-09,794671570,798930715.2607951,763355727.1605136,800650605.2125005,828623840.3201509,True
2025-11-10,803150509,811070632.734077,775495644.6337955,812790522.6857823,840763757.7934327,True
2025-11-11,811031660,806549406.9281318,770974418.8278503,808269296.8798372,836242531.9874876,True
2025-11-12,800371284,807942904.4721271,772367916.3718456,809662794.4238324,837636029.5314828,True
2025-11-13,795412883,800372360.5465206,764797372.4462391,802092250.4982259,830065485.6058763,True
2025-11-14,784929625,800300807.875534,764725819.7752526,802020697.8272394,829993932.9348898,True
2025-11-15,771969074,780529666.851001,744954678.7507195,782249556.8027064,810222791.9103568,True
2025-11-16,748102925,760298679.7188698,724723691.6185883,762018569.6705751,789991804.7782255,True
2025-11-17,784946049,770998854.9947706,735423866.8944892,772718744.946476,800691980.0541264,True
2025-11-18,802372785,799903560.0246506,764328571.9243691,801623449.9763559,829596685.0840063,True
2025-11-19,785536331,806312991.7850106,770738003.6847291,808032881.7367159,836006116.8443663,True
2025-11-20,789566797,790978572.1345966,755403584.0343151,792698462.0863019,820671697.1939523,True
2025-11-21,781713368,799224831.0631437,763649842.9628623,800944721.0148491,828917956.1224995,True
2025-11-22,777234266,778152955.7925769,742577967.6922954,779872845.7442822,807846080.8519326,True
2025-11-23,763587139,768768541.016813,733193552.9165316,770488430.9685184,798461666.0761688,True
2025-11-24,787419759,786083291.0909512,750508302.9906697,787803181.0426565,815776416.1503069,True
2025-11-25,779113247,797246121.7890131,761671133.6887317,798966011.7407185,826939246.8483689,True
2025-11-26,779056661,783944905.031912,748369916.9316305,785664794.9836173,813638030.0912677,True
2025-11-27,785923784,788989877.1565571,753414889.0562756,790709767.1082624,818683002.2159128,True
2025-11-28,793532772,798215381.8178315,762640393.71755,799935271.7695369,827908506.8771873,True
2025-11-29,775439198,789893714.8034254,754318726.703144,791613604.7551308,819586839.8627812,True
2025-11-30,752415007,765098934.6140383,729523946.5137569,766818824.5657437,794792059.6733941,True
2025-12-01,752093794,774142006.6807112,738567018.5804297,775861896.6324165,803835131.7400669,True
2025-12-02,774181582,760566634.3473217,724991646.2470403,762286524.2990271,790259759.4066775,True
2025-12-03,779128904,780219745.953817,744644757.8535355,781939635.9055223,809912871.0131727,True
2025-12-04,780611840,787153645.0165639,751578656.9162824,788873534.9682692,816846770.0759196,True
2025-12-05,790342731,790448328.5599449,754873340.4596634,792168218.5116502,820141453.6193006,True
2025-12-06,783475966,786385923.5800298,750810935.4797484,788105813.5317352,816079048.6393856,True
2025-12-07,769662376,771126723.5598878,735551735.4596063,772846613.5115931,800819848.6192435,True
2025-12-08,781993536,789115785.4656454,753540797.365364,790835675.4173508,818808910.5250012,True
2025-12-09,790459836,790301447.9064581,754726459.8061767,792021337.8581635,819994572.9658139,True
2025-12-10,793331038,795694862.8590819,760119874.7588004,797414752.8107872,825387987.9184376,True
2025-12-11,792303023,798301599.9969584,762726611.8966769,800021489.9486637,827994725.0563141,True
2025-12-12,805771337,798507511.0684469,762932522.9681654,800227401.0201522,828200636.1278026,True
2025-12-13,805919635,799404748.5539914,763829760.45371,801124638.5056968,829097873.6133472,True
2025-12-14,775261923,791037404.0655488,755462415.9652673,792757294.0172541,820730529.1249045,True
2025-12-15,800205024,793555662.0082947,757980673.9080132,795275551.96,823248787.0676504,True
2025-12-16,791223092,804231992.8334621,768657004.7331806,805951882.7851675,833925117.8928179,True
2025-12-17,797873177,787733836.4417493,752158848.3414679,789453726.3934547,817426961.5011051,True
2025-12-18,807913091,799725900.3510628,764150912.2507813,801445790.3027681,829419025.4104185,True
2025-12-19,813412227,811711406.9026681,776136418.8023866,813431296.8543735,841404531.9620239,True
2025-12-20,800554656,805985337.4588491,770410349.3585676,807705227.4105544,835678462.5182048,True
2025-12-21,775722494,782940640.2394706,747365652.1391891,784660530.1911759,812633765.2988263,True
2025-12-22,800416947,791203333.4564161,755628345.3561347,792923223.4081215,820896458.5157719,True
2025-12-23,805434213,802727422.5277106,767152434.4274291,804447312.4794159,832420547.5870663,True
2025-12-24,803732375,799657152.5834568,764082164.4831753,801377042.5351621,829350277.6428125,True
2025-12-25,824337857,802312183.2087525,766737195.108471,804032073.1604578,832005308.2681082,True
2025-12-26,812520530,825216687.8589667,789641699.7586852,826936577.810672,854909812.9183224,True
2025-12-27,813024286,799894370.6643673,764319382.5640858,801614260.6160727,829587495.723723,True
2025-12-28,798511867,793986685.9933279,758411697.8930464,795706575.9450332,823679811.0526836,True
2025-12-29,801303829,810138635.5143391,774563647.4140576,811858525.4660444,839831760.5736948,True
2025-12-30,799723069,799654053.7757196,764079065.6754382,801373943.727425,829347178.8350754,True
2025-12-31,783373686,792979214.5951632,757404226.4948817,794699104.5468686,822672339.654519,True
2026-01-01,707758012,780974785.0790311,745399796.9787496,782694675.0307364,810667910.1383868,False
2026-01-02,741910307,708891149.9162621,673316161.8159807,710611039.8679675,738584274.9756179,False
2026-01-03,801935633,747234156.988362,711659168.8880805,748954046.9400673,776927282.0477177,False
2026-01-04,820839320,794456391.2404504,758881403.1401689,796176281.1921557,824149516.2998061,True
2026-01-05,819629944,828168035.6088059,792593047.5085244,829887925.5605112,857861160.6681616,True
2026-01-06,848208043,813164822.2933556,777589834.1930741,814884712.2450609,842857947.3527113,False
2026-01-07,836618404,834937865.1513834,799362877.0511019,836657755.1030887,864630990.2107391,True
2026-01-08,845715705,826576617.182664,791001629.0823826,828296507.1343694,856269742.2420198,True
2026-01-09,845779172,840572560.4893322,804997572.3890507,842292450.4410375,870265685.5486879,True
