cause,effect,windows_tested,pass_count,min_q,median_q,median_lag,stability_score
纺织业,非金属矿物制品业,4,4,5.0857318356634096e-11,4.829946456286205e-05,2.0,1.0
电子,纺织业,4,4,2.0417667556671404e-10,0.0002240735847794384,2.0,1.0
电子,制造业,4,4,1.0134433292563472e-09,0.0012393325014377066,2.0,1.0
纺织业,制造业,4,4,1.035722707598552e-08,0.002366137261256923,1.0,1.0
纺织业,工业,4,4,3.8037441996152664e-08,0.005048615423740354,1.0,1.0
纺织业,电子,4,4,4.611179604818716e-08,0.01222902940050411,2.0,1.0
制造业,纺织业,4,4,1.3415791552673362e-07,0.0032827230573026765,1.0,1.0
工业,纺织业,4,4,2.27051655277144e-07,0.005665197967505897,1.0,1.0
纺织业,大工业电量,4,4,2.27051655277144e-07,0.010886634671043885,1.0,1.0
大工业电量,纺织业,4,4,2.9356216657561163e-07,0.005665197967505897,1.0,1.0
纺织业,非普工业,4,4,2.2087654677260814e-06,0.004014241617186004,1.5,1.0
黑色金属冶炼,非金属矿物制品业,4,4,1.0080352347241473e-05,0.0011112831345391483,2.0,1.0
电子,工业,4,3,5.8882859445473305e-08,0.002160468847070829,2.0,0.75
制造业,电子,4,3,2.9356216657561163e-07,0.01444651788331814,2.0,0.75
工业,电子,4,3,1.2858277255253151e-06,0.009879431069459892,2.0,0.75
电子,大工业电量,4,3,1.3976740530655514e-06,0.0024321711544724733,1.0,0.75
非金属矿物制品业,纺织业,4,3,3.8726122703613974e-06,0.014698153233221238,1.5,0.75
信息传输,非普工业,4,3,4.7738558206500414e-06,0.016858497027833035,1.5,0.75
电子,非普工业,4,3,4.7738558206500414e-06,0.0032289979048994778,2.0,0.75
大工业电量,电子,4,3,6.189367365183607e-06,0.006407766833066992,2.0,0.75
信息传输,纺织业,4,3,6.242740333959618e-05,0.017826922654271812,1.0,0.75
制造业,非金属矿物制品业,4,3,9.796544513952409e-05,0.015580013196259535,1.5,0.75
合计,纺织业,4,3,0.00015283740848460008,0.023045343055335114,1.0,0.75
批发和零售业,纺织业,4,3,0.00026518780689014065,0.02838567140426211,1.0,0.75
黑色金属冶炼,电子,4,3,0.00026518780689014065,0.017765792784455156,1.0,0.75
商业用电,纺织业,4,3,0.00043274148913399903,0.033325094999211366,1.0,0.75
非普工业,纺织业,4,3,0.001020856339161469,0.024622415098633027,1.0,0.75
黑色金属冶炼,非普工业,4,3,0.0010973808470459263,0.024289561045635316,2.0,0.75
黑色金属冶炼,工业,4,3,0.0012476404771157856,0.030248551819121627,2.0,0.75
黑色金属冶炼,制造业,4,3,0.0015096583864572886,0.03625517402030719,2.0,0.75
黑色金属冶炼,大工业电量,4,3,0.0019121064233565005,0.03352764274386896,1.5,0.75
非普工业,电子,4,2,1.0080352347241473e-05,0.07085050673925906,3.0,0.5
交通仓储和邮政业,非普工业,4,2,1.0742130618642978e-05,0.06699629303168732,1.0,0.5
农业,非普工业,4,2,4.8857801093507824e-05,0.08102463448693738,1.5,0.5
商业用电,非普工业,4,2,6.549659034951749e-05,0.04674200398069144,1.0,0.5
合计,非普工业,4,2,7.39194943598509e-05,0.034607272431818006,1.5,0.5
交通仓储和邮政业,纺织业,4,2,0.00014066704469883895,0.04235995458584653,1.0,0.5
信息传输,非金属矿物制品业,4,2,0.00014066704469883895,0.03175387641622218,1.5,0.5
批发和零售业,非普工业,4,2,0.00014880894271568357,0.0602039895733083,1.0,0.5
交通仓储和邮政业,非金属矿物制品业,4,2,0.00016021859541455187,0.060416447092435877,1.0,0.5
石化,非普工业,4,2,0.00026518780689014065,0.18294292876381657,1.0,0.5
石化,纺织业,4,2,0.00027679551389037105,0.08442897537528639,1.0,0.5
化学制品制造业,纺织业,4,2,0.0003926018222900618,0.09162096293827411,1.0,0.5
化学制品制造业,非普工业,4,2,0.00043274148913399903,0.12962215069541233,1.0,0.5
农业,纺织业,4,2,0.0006480847274366152,0.0626147485289039,1.0,0.5
农业,非金属矿物制品业,4,2,0.0006480847274366152,0.09000213015571888,1.0,0.5
石化,非金属矿物制品业,4,2,0.0007004274178620738,0.12257448532693956,1.0,0.5
农业,黑色金属冶炼,4,2,0.0009553387994961738,0.0791144757489857,1.0,0.5
工业,非金属矿物制品业,4,2,0.00097737158637273,0.08514776405037669,1.5,0.5
电子,非金属矿物制品业,4,2,0.001242646895356525,0.030958542585042895,2.0,0.5
居民生活,非普工业,4,2,0.0012476404771157856,0.05707710525948406,1.0,0.5
批发和零售业,黑色金属冶炼,4,2,0.0012476404771157856,0.11649494855607677,1.0,0.5
大工业电量,制造业,4,2,0.001311355601811162,0.08308161742415218,1.5,0.5
商业用电,非金属矿物制品业,4,2,0.0013304180779016728,0.06345478882645245,1.0,0.5
批发和零售业,非金属矿物制品业,4,2,0.0013304180779016728,0.060091165539089005,1.0,0.5
化学制品制造业,非金属矿物制品业,4,2,0.001506715171477463,0.14409564559285645,1.0,0.5
商业用电,黑色金属冶炼,4,2,0.0019121064233565005,0.11472750233751972,1.0,0.5
非普工业,非金属矿物制品业,4,2,0.0020320149821965966,0.14622031471187785,2.0,0.5
制造业,大工业电量,4,2,0.0023091643082839303,0.13000218220464427,1.5,0.5
大工业电量,非金属矿物制品业,4,2,0.0023815137166832397,0.06720064439130041,1.5,0.5
制造业,工业,4,2,0.003574364834157333,0.12808709068549012,1.0,0.5
居民生活,非金属矿物制品业,4,2,0.0049761749648295495,0.06523721298562513,1.0,0.5
工业,制造业,4,2,0.005823123320451743,0.12841994473848783,1.0,0.5
合计,黑色金属冶炼,4,2,0.006489856444759733,0.10315897050252093,1.0,0.5
非金属矿物制品业,电子,4,2,0.008295285680940328,0.08954828184384632,2.5,0.5
住宿和餐饮业,非金属矿物制品业,4,2,0.009773859371096736,0.14419448516265965,1.0,0.5
黑色金属冶炼,纺织业,4,2,0.010306208031119111,0.06961468813250507,2.0,0.5
合计,非金属矿物制品业,4,2,0.012747397668424011,0.1750008219615033,1.0,0.5
制造业,非普工业,4,2,0.03695051021854294,0.09393115726902267,2.0,0.5
交通仓储和邮政业,黑色金属冶炼,4,1,0.0006721159331397283,0.09489640459626772,1.0,0.25
信息传输,黑色金属冶炼,4,1,0.0007613272364922046,0.0902085606182752,1.0,0.25
信息传输,制造业,4,1,0.0010547122270780339,0.059791025548544346,1.0,0.25
住宿和餐饮业,非普工业,4,1,0.0013223306491560963,0.11443882437897347,1.0,0.25
信息传输,工业,4,1,0.002250210769950671,0.09621450644349554,1.0,0.25
电子,黑色金属冶炼,4,1,0.0035318553851817164,0.1298951877768884,1.0,0.25
住宿和餐饮业,纺织业,4,1,0.0035616158292051843,0.12519340650821228,3.0,0.25
纺织业,合计,4,1,0.0036681006500798407,0.13010912331072455,1.0,0.25
交通仓储和邮政业,制造业,4,1,0.0038529895837579125,0.14027459692132477,1.0,0.25
石化,黑色金属冶炼,4,1,0.0054077181049007675,0.1367482758973048,1.0,0.25
化学制品制造业,黑色金属冶炼,4,1,0.006103203832043348,0.1367482758973048,1.0,0.25
石化,制造业,4,1,0.006253285741161185,0.18436782945083124,1.0,0.25
住宿和餐饮业,黑色金属冶炼,4,1,0.006705806470488972,0.17440762961250966,1.0,0.25
交通仓储和邮政业,工业,4,1,0.007474161001338118,0.18898309785168987,1.0,0.25
信息传输,大工业电量,4,1,0.007802277018082174,0.12228266381923816,1.0,0.25
大工业电量,工业,4,1,0.00843111117088847,0.32653187112389465,1.5,0.25
化学制品制造业,制造业,4,1,0.009152148233332859,0.18816068412339798,2.5,0.25
大工业电量,非普工业,4,1,0.009683797106348788,0.14150328406622945,1.0,0.25
非普工业,批发和零售业,4,1,0.01242361683366169,0.27331244844668356,2.0,0.25
农业,制造业,4,1,0.012649208163321513,0.1644035586307267,1.0,0.25
居民生活,纺织业,4,1,0.01478201345710358,0.09664771227147531,1.0,0.25
石化,工业,4,1,0.01747930043857089,0.2573565691589288,2.5,0.25
工业,大工业电量,4,1,0.01841157826731424,0.35709014828254493,1.5,0.25
交通仓储和邮政业,大工业电量,4,1,0.018700871893767197,0.2296221777748892,1.0,0.25
商业用电,制造业,4,1,0.018700871893767197,0.17025414492382748,1.0,0.25
居民生活,黑色金属冶炼,4,1,0.020126201046896906,0.14705955925624833,1.0,0.25
农业,化学制品制造业,4,1,0.02065237740221543,0.301232685500598,4.0,0.25
农业,石化,4,1,0.02065237740221543,0.4798130731948599,3.5,0.25
化学制品制造业,农业,4,1,0.02065237740221543,0.43805487777725893,2.5,0.25
商业用电,化学制品制造业,4,1,0.02065237740221543,0.42415687727162554,4.0,0.25
商业用电,石化,4,1,0.02065237740221543,0.5447832084154183,4.0,0.25
居民生活,化学制品制造业,4,1,0.02065237740221543,0.6935583449071244,2.5,0.25
居民生活,石化,4,1,0.02065237740221543,0.7206040142875791,2.0,0.25
批发和零售业,化学制品制造业,4,1,0.02065237740221543,0.38998904352299607,4.0,0.25
批发和零售业,石化,4,1,0.02065237740221543,0.5044235559988364,4.0,0.25
石化,农业,4,1,0.02065237740221543,0.49824915528460734,2.5,0.25
农业,工业,4,1,0.024728184180523742,0.21836821957059674,1.5,0.25
化学制品制造业,工业,4,1,0.024751404663375363,0.18372033007097094,2.5,0.25
住宿和餐饮业,石化,4,1,0.0255588779217768,0.5324711159713025,4.0,0.25
批发和零售业,制造业,4,1,0.02568763940895778,0.19447943314234112,1.0,0.25
合计,制造业,4,1,0.027218695089617502,0.14694911039604328,1.0,0.25
合计,商业用电,4,1,0.028052127340593206,0.32138181161078544,3.0,0.25
化学制品制造业,交通仓储和邮政业,4,1,0.02902833009329585,0.4225819273716992,2.5,0.25
石化,交通仓储和邮政业,4,1,0.02902833009329585,0.47665305050192464,2.5,0.25
住宿和餐饮业,化学制品制造业,4,1,0.029207717028372243,0.44047481451133635,4.0,0.25
工业,非普工业,4,1,0.029650773365172096,0.14499847161116486,1.5,0.25
信息传输,石化,4,1,0.029939907135422612,0.5368901302202205,2.5,0.25
合计,批发和零售业,4,1,0.030206028759124103,0.23895833433551275,2.0,0.25
商业用电,工业,4,1,0.030206028759124103,0.2319219434525316,1.0,0.25
交通仓储和邮政业,石化,4,1,0.03031324104103204,0.5552904124110511,4.0,0.25
黑色金属冶炼,合计,4,1,0.031181807249980417,0.27647279792570323,1.0,0.25
非普工业,大工业电量,4,1,0.03396962797483505,0.2905881053082721,2.0,0.25
非普工业,工业,4,1,0.034605533967503314,0.24201104262581896,2.0,0.25
纺织业,批发和零售业,4,1,0.03475459550288643,0.22995998747282978,1.0,0.25
交通仓储和邮政业,化学制品制造业,4,1,0.036538499899315006,0.4215251792993365,4.0,0.25
石化,批发和零售业,4,1,0.03904224950016477,0.72640852155249,2.5,0.25
化学制品制造业,批发和零售业,4,1,0.03933922002768808,0.6409541813383877,4.0,0.25
信息传输,合计,4,1,0.03977407420059639,0.31559455605286635,2.0,0.25
信息传输,化学制品制造业,4,1,0.041588778617417395,0.4344267644502933,3.5,0.25
化学制品制造业,商业用电,4,1,0.041588778617417395,0.5685166391892504,4.0,0.25
石化,住宿和餐饮业,4,1,0.041588778617417395,0.5645968730699562,3.0,0.25
石化,商业用电,4,1,0.041588778617417395,0.6546565917878043,2.5,0.25
化学制品制造业,信息传输,4,1,0.04202646803173469,0.5318097919337041,2.5,0.25
合计,电子,4,1,0.04254894863826451,0.28986862720929346,3.0,0.25
石化,大工业电量,4,1,0.04351862122366361,0.27117870830727125,2.5,0.25
批发和零售业,工业,4,1,0.04374089141040719,0.2694623954925768,1.0,0.25
化学制品制造业,合计,4,1,0.04723820992390696,0.28340848910847266,2.5,0.25
石化,信息传输,4,1,0.04723820992390696,0.6053676968340405,3.0,0.25
住宿和餐饮业,制造业,4,1,0.048941377864392496,0.2262822314150053,2.5,0.25
非普工业,商业用电,4,1,0.049211673293822686,0.44562784464038313,2.0,0.25
化学制品制造业,石化,4,0,0.051489785125625354,0.3643370372660364,3.5,0.0
合计,化学制品制造业,4,0,0.05160399990012638,0.29856210949305184,4.0,0.0
化学制品制造业,住宿和餐饮业,4,0,0.05371521814670141,0.5256610207226461,2.5,0.0
非普工业,合计,4,0,0.0553541151806174,0.28443194369066077,1.5,0.0
非普工业,黑色金属冶炼,4,0,0.05587438487542555,0.2612828429409171,2.0,0.0
制造业,批发和零售业,4,0,0.056503670621926044,0.2781288978794853,1.5,0.0
非普工业,制造业,4,0,0.056503670621926044,0.18877684105134052,2.0,0.0
合计,石化,4,0,0.05859731454373186,0.5098669457825502,3.0,0.0
化学制品制造业,大工业电量,4,0,0.059341141649628754,0.1968288772505189,2.5,0.0
石化,化学制品制造业,4,0,0.059341141649628754,0.42316262464815535,3.5,0.0
合计,工业,4,0,0.05980337698493187,0.22065642231225494,1.0,0.0
农业,大工业电量,4,0,0.060797472588607154,0.2554098102125118,1.5,0.0
纺织业,化学制品制造业,4,0,0.06405861231091478,0.46577611939229757,3.0,0.0
工业,批发和零售业,4,0,0.06455099391765702,0.30245800895851876,1.5,0.0
商业用电,大工业电量,4,0,0.07304077806036918,0.30153083612582887,1.0,0.0
制造业,合计,4,0,0.07314752106780666,0.2596819323344246,1.0,0.0
住宿和餐饮业,工业,4,0,0.07742504590506843,0.2929877035438079,2.5,0.0
黑色金属冶炼,批发和零售业,4,0,0.0824123632135829,0.29988605161628423,1.0,0.0
石化,合计,4,0,0.08300821937243301,0.3131121589778285,1.0,0.0
大工业电量,黑色金属冶炼,4,0,0.08653100465463742,0.2809961674407126,1.0,0.0
大工业电量,批发和零售业,4,0,0.09068647839663278,0.3001784525636425,1.5,0.0
交通仓储和邮政业,合计,4,0,0.09897963013456033,0.38333079760115496,1.0,0.0
批发和零售业,大工业电量,4,0,0.09897963013456033,0.31932666255496805,1.5,0.0
纺织业,黑色金属冶炼,4,0,0.10962052077088671,0.5257839815750048,3.0,0.0
居民生活,住宿和餐饮业,4,0,0.11012015135125157,0.44774739843501277,1.0,0.0
住宿和餐饮业,大工业电量,4,0,0.11018946887800754,0.3304571056421976,2.5,0.0
住宿和餐饮业,电子,4,0,0.11422784247790269,0.4061317291221427,4.0,0.0
居民生活,制造业,4,0,0.11604956426224307,0.2601486631362703,1.0,0.0
化学制品制造业,电子,4,0,0.11614983841848404,0.3971749121220013,3.0,0.0
大工业电量,化学制品制造业,4,0,0.11649849593338794,0.534047191529724,4.0,0.0
工业,合计,4,0,0.12472045909821869,0.30504823227991384,1.0,0.0
工业,黑色金属冶炼,4,0,0.12472045909821869,0.3079309156822645,2.0,0.0
农业,合计,4,0,0.1298393629901194,0.3426876880540476,1.5,0.0
非金属矿物制品业,制造业,4,0,0.1323339840115343,0.2885469152983223,2.0,0.0
工业,化学制品制造业,4,0,0.13474280518735274,0.5462312924475634,4.0,0.0
非金属矿物制品业,化学制品制造业,4,0,0.13544208439626593,0.45555442311526917,3.5,0.0
制造业,化学制品制造业,4,0,0.1366356420866455,0.5246387114669759,3.0,0.0
制造业,黑色金属冶炼,4,0,0.15497283702261583,0.4209705761499526,2.5,0.0
居民生活,工业,4,0,0.15553396627798757,0.3137191173531571,1.0,0.0
黑色金属冶炼,商业用电,4,0,0.15611055308214877,0.5456654245630117,1.0,0.0
信息传输,交通仓储和邮政业,4,0,0.1570145073161449,0.3962660689423865,1.0,0.0
商业用电,合计,4,0,0.16156716999231197,0.39682569488083197,2.0,0.0
非普工业,化学制品制造业,4,0,0.17033916063071686,0.5082545438067347,4.0,0.0
合计,大工业电量,4,0,0.17094876480352822,0.3115125980360565,1.5,0.0
大工业电量,合计,4,0,0.17094876480352822,0.3419861056762078,1.0,0.0
电子,批发和零售业,4,0,0.17094876480352822,0.39088872531004243,1.5,0.0
石化,居民生活,4,0,0.17246265483994222,0.5832646452617132,2.0,0.0
化学制品制造业,居民生活,4,0,0.1788750521507103,0.5667577419027003,2.0,0.0
黑色金属冶炼,农业,4,0,0.18750818613375406,0.6682179006858228,1.0,0.0
纺织业,商业用电,4,0,0.19091228862398354,0.38482900123063546,1.5,0.0
信息传输,住宿和餐饮业,4,0,0.19238763415002333,0.24306327389600596,1.0,0.0
制造业,商业用电,4,0,0.192690478686004,0.3900240100254497,1.5,0.0
黑色金属冶炼,化学制品制造业,4,0,0.1982677960763714,0.40987757401557956,3.5,0.0
工业,商业用电,4,0,0.19891430660527537,0.41867601191725,1.5,0.0
信息传输,电子,4,0,0.20271418440260522,0.5889901107413849,3.5,0.0
居民生活,合计,4,0,0.20271418440260522,0.4342468900784141,1.0,0.0
电子,居民生活,4,0,0.2087195191096917,0.5561634734379728,1.5,0.0
信息传输,居民生活,4,0,0.2132001844349189,0.28838878605165946,1.5,0.0
居民生活,大工业电量,4,0,0.21542482819349465,0.38933955631420747,1.0,0.0
非金属矿物制品业,黑色金属冶炼,4,0,0.2237368835295895,0.41764106368670995,3.0,0.0
合计,交通仓储和邮政业,4,0,0.2276940951546908,0.5315361554043403,1.0,0.0
石化,电子,4,0,0.23172463527329368,0.4403553247787532,3.0,0.0
黑色金属冶炼,信息传输,4,0,0.23220067258055635,0.7093475008871111,1.0,0.0
住宿和餐饮业,交通仓储和邮政业,4,0,0.2393163169075715,0.539606345575872,4.0,0.0
合计,住宿和餐饮业,4,0,0.24746741694818142,0.5049918635759522,1.0,0.0
黑色金属冶炼,交通仓储和邮政业,4,0,0.2501690271997439,0.5565936822164834,1.0,0.0
非金属矿物制品业,批发和零售业,4,0,0.25441453398835234,0.523385972424677,2.0,0.0
大工业电量,商业用电,4,0,0.2579324847577109,0.4213768689419383,1.5,0.0
商业用电,住宿和餐饮业,4,0,0.2621079811355292,0.5320165810907487,1.0,0.0
电子,化学制品制造业,4,0,0.2621079811355292,0.38788935348159614,3.5,0.0
电子,交通仓储和邮政业,4,0,0.2657847811510506,0.42170026695755847,1.0,0.0
商业用电,交通仓储和邮政业,4,0,0.27366432714354877,0.4502582997041004,3.0,0.0
电子,商业用电,4,0,0.2744737411968105,0.5061125785472901,1.5,0.0
非金属矿物制品业,合计,4,0,0.276918496593086,0.3599025526619588,2.0,0.0
纺织业,石化,4,0,0.2782701232849657,0.5312867347909367,1.5,0.0
黑色金属冶炼,居民生活,4,0,0.2827723453431339,0.4838907294276078,1.5,0.0
交通仓储和邮政业,居民生活,4,0,0.28307655781528096,0.5020520849700763,1.5,0.0
居民生活,电子,4,0,0.28307655781528096,0.5338021781160717,4.0,0.0
黑色金属冶炼,石化,4,0,0.28307655781528096,0.5520853344314971,3.5,0.0
农业,电子,4,0,0.2834299225901764,0.5115754148582271,3.5,0.0
纺织业,交通仓储和邮政业,4,0,0.2834299225901764,0.5048779595204478,1.0,0.0
居民生活,农业,4,0,0.29723265169323954,0.6916505737495761,1.0,0.0
商业用电,居民生活,4,0,0.29797290676651417,0.46246643761076867,1.5,0.0
农业,交通仓储和邮政业,4,0,0.30166035963727517,0.48632993848637973,1.0,0.0
制造业,交通仓储和邮政业,4,0,0.309767370001524,0.4760654114812175,1.0,0.0
居民生活,交通仓储和邮政业,4,0,0.3108961556371091,0.7277087850021894,2.0,0.0
电子,住宿和餐饮业,4,0,0.314919070678359,0.5211304893842501,1.0,0.0
居民生活,信息传输,4,0,0.3174335236452431,0.669016464670963,2.5,0.0
农业,商业用电,4,0,0.31852406205128686,0.5089565256152074,3.0,0.0
电子,合计,4,0,0.3204612819649201,0.7411564575160663,1.0,0.0
住宿和餐饮业,居民生活,4,0,0.32643194852216945,0.5551733829885802,2.0,0.0
黑色金属冶炼,住宿和餐饮业,4,0,0.33375667285819943,0.6638340858619693,2.0,0.0
大工业电量,交通仓储和邮政业,4,0,0.33939763363619335,0.4803241736233678,1.0,0.0
工业,交通仓储和邮政业,4,0,0.3421138141627913,0.4958375276437347,1.0,0.0
批发和零售业,居民生活,4,0,0.3473823340457595,0.5046753201220238,1.5,0.0
农业,住宿和餐饮业,4,0,0.35525661494800653,0.43767338525606525,3.0,0.0
制造业,居民生活,4,0,0.35547734040725854,0.7469265923626157,1.5,0.0
农业,居民生活,4,0,0.3559109498137499,0.7195547748303197,2.5,0.0
电子,石化,4,0,0.3559109498137499,0.5123005391143007,3.0,0.0
非金属矿物制品业,商业用电,4,0,0.3591616690322372,0.6359444316508502,2.0,0.0
住宿和餐饮业,合计,4,0,0.3609329830370673,0.584366093306827,1.0,0.0
批发和零售业,电子,4,0,0.3687802368556234,0.49295554852868706,3.5,0.0
非金属矿物制品业,工业,4,0,0.37738018657666056,0.4118751467328614,2.0,0.0
合计,居民生活,4,0,0.38077782555405965,0.7349665237757423,1.5,0.0
大工业电量,居民生活,4,0,0.38077782555405965,0.7401892922005704,1.5,0.0
商业用电,批发和零售业,4,0,0.3837092436267918,0.6556061072994445,2.0,0.0
非金属矿物制品业,大工业电量,4,0,0.3837092436267918,0.4487279197262678,2.0,0.0
合计,信息传输,4,0,0.39106158775417044,0.7328663443859524,2.5,0.0
批发和零售业,合计,4,0,0.39106158775417044,0.5871861644250302,1.0,0.0
住宿和餐饮业,农业,4,0,0.39254263378837173,0.6031476400682323,1.5,0.0
信息传输,批发和零售业,4,0,0.39254263378837173,0.5001457517253541,3.5,0.0
非金属矿物制品业,非普工业,4,0,0.39361413598190387,0.5379645203433321,2.0,0.0
电子,农业,4,0,0.39441894914733416,0.737701325211187,1.0,0.0
批发和零售业,交通仓储和邮政业,4,0,0.3957482675433031,0.580697827466695,3.0,0.0
工业,居民生活,4,0,0.3981781278721532,0.7561782022570259,1.5,0.0
商业用电,电子,4,0,0.3997657680946888,0.5241524443492518,4.0,0.0
商业用电,信息传输,4,0,0.4036430936855059,0.7475965864597321,2.0,0.0
交通仓储和邮政业,批发和零售业,4,0,0.4051127092787363,0.5509134920722359,1.5,0.0
制造业,石化,4,0,0.40685230181497395,0.5746714062279515,2.0,0.0
大工业电量,石化,4,0,0.4145725149673743,0.586694996293506,2.5,0.0
非金属矿物制品业,石化,4,0,0.4236381113282022,0.6086181640223975,3.5,0.0
非普工业,交通仓储和邮政业,4,0,0.4332273033709809,0.6813500975330775,1.5,0.0
工业,石化,4,0,0.43479657649859454,0.6080889287372969,4.0,0.0
纺织业,居民生活,4,0,0.4454535615901953,0.7309749366306268,1.5,0.0
交通仓储和邮政业,农业,4,0,0.44923250684149596,0.8790018700817919,2.0,0.0
制造业,住宿和餐饮业,4,0,0.44923250684149596,0.6268484713087594,1.0,0.0
制造业,农业,4,0,0.44923250684149596,0.6250310773197508,1.0,0.0
商业用电,农业,4,0,0.45358240681967754,0.6346386845479226,3.0,0.0
农业,信息传输,4,0,0.46178223748101077,0.6161629354000198,3.0,0.0
非普工业,住宿和餐饮业,4,0,0.4621909595943905,0.6589234983380869,1.5,0.0
交通仓储和邮政业,住宿和餐饮业,4,0,0.47608759443006343,0.5952367925915548,1.0,0.0
非普工业,石化,4,0,0.47608759443006343,0.5567918122558051,4.0,0.0
信息传输,商业用电,4,0,0.4788638866290381,0.6243621640026478,3.5,0.0
信息传输,农业,4,0,0.4790483497337619,0.5840739972971842,2.0,0.0
纺织业,农业,4,0,0.4790483497337619,0.5977678491614619,1.0,0.0
交通仓储和邮政业,商业用电,4,0,0.48454291974525726,0.6616922746409546,2.0,0.0
大工业电量,住宿和餐饮业,4,0,0.4869189294751428,0.6393812980146419,1.0,0.0
大工业电量,农业,4,0,0.4869189294751428,0.6077516705525021,1.0,0.0
交通仓储和邮政业,电子,4,0,0.48741641528981067,0.615314711802909,3.5,0.0
农业,批发和零售业,4,0,0.48741641528981067,0.5395644735733491,3.0,0.0
工业,住宿和餐饮业,4,0,0.49961830326317297,0.6346987120029575,1.0,0.0
批发和零售业,农业,4,0,0.49961830326317297,0.7500026843705094,1.5,0.0
非普工业,居民生活,4,0,0.49961830326317297,0.7834486260028035,1.0,0.0
非普工业,信息传输,4,0,0.5016312997286467,0.8223409983615475,1.5,0.0
居民生活,商业用电,4,0,0.5056728695763082,0.7408726500039282,1.0,0.0
工业,农业,4,0,0.5056728695763082,0.6167139329648565,1.0,0.0
电子,信息传输,4,0,0.5056728695763082,0.800172753948341,1.5,0.0
纺织业,住宿和餐饮业,4,0,0.5056728695763082,0.6774236265857551,1.0,0.0
非金属矿物制品业,居民生活,4,0,0.533571716520422,0.7462399173910854,1.0,0.0
批发和零售业,住宿和餐饮业,4,0,0.5386860150479044,0.7501638281465448,1.0,0.0
制造业,信息传输,4,0,0.5564325192750041,0.7589912158714758,1.0,0.0
批发和零售业,商业用电,4,0,0.5610427695735645,0.7570827615631627,2.0,0.0
居民生活,批发和零售业,4,0,0.5694444362003979,0.8556402016227955,2.0,0.0
批发和零售业,信息传输,4,0,0.5767595577054284,0.7202777197163086,1.0,0.0
纺织业,信息传输,4,0,0.5861931959547684,0.7322792786764739,1.0,0.0
住宿和餐饮业,信息传输,4,0,0.5929377207291417,0.7353148423144313,2.0,0.0
合计,农业,4,0,0.607910754935302,0.7399045264606013,1.0,0.0
非金属矿物制品业,交通仓储和邮政业,4,0,0.6217151522949146,0.7408741321220853,1.5,0.0
大工业电量,信息传输,4,0,0.6244501464869433,0.7324536023385516,1.0,0.0
非普工业,农业,4,0,0.6412627163119256,0.7131870935581197,1.0,0.0
工业,信息传输,4,0,0.6416673529923114,0.7325823833878501,1.0,0.0
非金属矿物制品业,农业,4,0,0.6503437289019967,0.7881548055931034,1.5,0.0
住宿和餐饮业,商业用电,4,0,0.6587177597758951,0.8758426498098546,1.0,0.0
交通仓储和邮政业,信息传输,4,0,0.6873944293809391,0.7768118378444706,1.0,0.0
非金属矿物制品业,信息传输,4,0,0.730122174406624,0.7669669972756066,2.0,0.0
非金属矿物制品业,住宿和餐饮业,4,0,0.7358152687666322,0.7891499921209905,1.0,0.0
住宿和餐饮业,批发和零售业,4,0,0.8242049185030124,0.8520694843645318,3.0,0.0
