cause,effect,lag_weeks,controls,ordinary_stability_score,ordinary_min_q,f_stat,p_value,n,df2,q_value_fdr,pass_fdr_05
商业用电,黑色金属冶炼,2,合计;工业;制造业;大工业电量;非普工业;居民生活;T2M;RH2M;PRECTOTCORR;CDD18;HDD18;is_public_holiday;is_adjusted_workday;is_rest_day;is_spring_festival;is_national_holiday,0.5,0.0019121064233565,5.939655373036977,0.003484816333119145,155,118,0.19289342654832767,False
纺织业,非金属矿物制品业,2,合计;工业;制造业;大工业电量;非普工业;居民生活;商业用电;T2M;RH2M;PRECTOTCORR;CDD18;HDD18;is_public_holiday;is_adjusted_workday;is_rest_day;is_spring_festival;is_national_holiday,1.0,5.0857318356634096e-11,5.33237808188468,0.006088740609917376,155,116,0.19289342654832767,False
商业用电,非普工业,2,合计;工业;制造业;大工业电量;居民生活;T2M;RH2M;PRECTOTCORR;CDD18;HDD18;is_public_holiday;is_adjusted_workday;is_rest_day;is_spring_festival;is_national_holiday,0.5,6.549659034951749e-05,5.137152928625474,0.007233503495562288,155,120,0.19289342654832767,False
电子,非金属矿物制品业,2,合计;工业;制造业;大工业电量;非普工业;居民生活;商业用电;T2M;RH2M;PRECTOTCORR;CDD18;HDD18;is_public_holiday;is_adjusted_workday;is_rest_day;is_spring_festival;is_national_holiday,0.5,0.0012426468953565,4.6396126817126495,0.011523328228196128,155,116,0.23046656456392256,False
商业用电,纺织业,2,合计;工业;制造业;大工业电量;非普工业;居民生活;T2M;RH2M;PRECTOTCORR;CDD18;HDD18;is_public_holiday;is_adjusted_workday;is_rest_day;is_spring_festival;is_national_holiday,0.75,0.0004327414891339,3.924096373220026,0.022390635592334007,155,118,0.3582501694773441,False
黑色金属冶炼,纺织业,2,合计;工业;制造业;大工业电量;非普工业;居民生活;商业用电;T2M;RH2M;PRECTOTCORR;CDD18;HDD18;is_public_holiday;is_adjusted_workday;is_rest_day;is_spring_festival;is_national_holiday,0.5,0.0103062080311191,3.192927444228535,0.04468402409225691,155,116,0.5957869878967589,False
电子,纺织业,2,合计;工业;制造业;大工业电量;非普工业;居民生活;商业用电;T2M;RH2M;PRECTOTCORR;CDD18;HDD18;is_public_holiday;is_adjusted_workday;is_rest_day;is_spring_festival;is_national_holiday,1.0,2.0417667556671404e-10,2.9191043242833445,0.05795889288019218,155,116,0.5985444621036147,False
交通仓储和邮政业,非普工业,2,合计;工业;制造业;大工业电量;居民生活;商业用电;T2M;RH2M;PRECTOTCORR;CDD18;HDD18;is_public_holiday;is_adjusted_workday;is_rest_day;is_spring_festival;is_national_holiday,0.5,1.0742130618642978e-05,2.6988284169996537,0.07143820931419798,155,118,0.5985444621036147,False
纺织业,非普工业,2,合计;工业;制造业;大工业电量;居民生活;商业用电;T2M;RH2M;PRECTOTCORR;CDD18;HDD18;is_public_holiday;is_adjusted_workday;is_rest_day;is_spring_festival;is_national_holiday,1.0,2.208765467726081e-06,2.636891092854496,0.07579942315544808,155,118,0.5985444621036147,False
商业用电,非金属矿物制品业,2,合计;工业;制造业;大工业电量;非普工业;居民生活;T2M;RH2M;PRECTOTCORR;CDD18;HDD18;is_public_holiday;is_adjusted_workday;is_rest_day;is_spring_festival;is_national_holiday,0.5,0.0013304180779016,2.535624355073557,0.08352156312388082,155,118,0.5985444621036147,False
制造业,非金属矿物制品业,2,合计;工业;大工业电量;非普工业;居民生活;商业用电;T2M;RH2M;PRECTOTCORR;CDD18;HDD18;is_public_holiday;is_adjusted_workday;is_rest_day;is_spring_festival;is_national_holiday,0.75,9.796544513952408e-05,2.4559629008484993,0.09015525695386162,155,118,0.5985444621036147,False
黑色金属冶炼,制造业,2,合计;工业;大工业电量;非普工业;居民生活;商业用电;T2M;RH2M;PRECTOTCORR;CDD18;HDD18;is_public_holiday;is_adjusted_workday;is_rest_day;is_spring_festival;is_national_holiday,0.75,0.0015096583864572,2.2259584385005664,0.11247829859454517,155,118,0.5985444621036147,False
电子,非普工业,2,合计;工业;制造业;大工业电量;居民生活;商业用电;T2M;RH2M;PRECTOTCORR;CDD18;HDD18;is_public_holiday;is_adjusted_workday;is_rest_day;is_spring_festival;is_national_holiday,0.75,4.7738558206500414e-06,2.1764924297844894,0.11797198349377747,155,118,0.5985444621036147,False
非金属矿物制品业,纺织业,2,合计;工业;制造业;大工业电量;非普工业;居民生活;商业用电;T2M;RH2M;PRECTOTCORR;CDD18;HDD18;is_public_holiday;is_adjusted_workday;is_rest_day;is_spring_festival;is_national_holiday,0.75,3.872612270361397e-06,2.1757571640391666,0.11813346513817469,155,116,0.5985444621036147,False
电子,制造业,2,合计;工业;大工业电量;非普工业;居民生活;商业用电;T2M;RH2M;PRECTOTCORR;CDD18;HDD18;is_public_holiday;is_adjusted_workday;is_rest_day;is_spring_festival;is_national_holiday,1.0,1.0134433292563472e-09,2.144949512569546,0.1216168732158871,155,118,0.5985444621036147,False
交通仓储和邮政业,纺织业,2,合计;工业;制造业;大工业电量;非普工业;居民生活;商业用电;T2M;RH2M;PRECTOTCORR;CDD18;HDD18;is_public_holiday;is_adjusted_workday;is_rest_day;is_spring_festival;is_national_holiday,0.5,0.0001406670446988,2.0491424107533036,0.13348383638730066,155,116,0.5985444621036147,False
纺织业,工业,2,合计;制造业;大工业电量;非普工业;居民生活;商业用电;T2M;RH2M;PRECTOTCORR;CDD18;HDD18;is_public_holiday;is_adjusted_workday;is_rest_day;is_spring_festival;is_national_holiday,1.0,3.803744199615266e-08,1.9127531356133922,0.15222401216003112,155,118,0.5985444621036147,False
纺织业,制造业,2,合计;工业;大工业电量;非普工业;居民生活;商业用电;T2M;RH2M;PRECTOTCORR;CDD18;HDD18;is_public_holiday;is_adjusted_workday;is_rest_day;is_spring_festival;is_national_holiday,1.0,1.035722707598552e-08,1.9051589822159682,0.15334792266776243,155,118,0.5985444621036147,False
住宿和餐饮业,纺织业,2,合计;工业;制造业;大工业电量;非普工业;居民生活;商业用电;T2M;RH2M;PRECTOTCORR;CDD18;HDD18;is_public_holiday;is_adjusted_workday;is_rest_day;is_spring_festival;is_national_holiday,0.25,0.0035616158292051,1.8994022438643021,0.15428343412152945,155,116,0.5985444621036147,False
交通仓储和邮政业,制造业,2,合计;工业;大工业电量;非普工业;居民生活;商业用电;T2M;RH2M;PRECTOTCORR;CDD18;HDD18;is_public_holiday;is_adjusted_workday;is_rest_day;is_spring_festival;is_national_holiday,0.25,0.0038529895837579,1.8115075119966024,0.1679222622513431,155,118,0.5985444621036147,False
黑色金属冶炼,工业,2,合计;制造业;大工业电量;非普工业;居民生活;商业用电;T2M;RH2M;PRECTOTCORR;CDD18;HDD18;is_public_holiday;is_adjusted_workday;is_rest_day;is_spring_festival;is_national_holiday,0.75,0.0012476404771157,1.7916528673320418,0.1711888768185883,155,118,0.5985444621036147,False
纺织业,大工业电量,2,合计;工业;制造业;非普工业;居民生活;商业用电;T2M;RH2M;PRECTOTCORR;CDD18;HDD18;is_public_holiday;is_adjusted_workday;is_rest_day;is_spring_festival;is_national_holiday,1.0,2.27051655277144e-07,1.7388761446102912,0.18018985098177798,155,118,0.5985444621036147,False
农业,非普工业,2,合计;工业;制造业;大工业电量;居民生活;商业用电;T2M;RH2M;PRECTOTCORR;CDD18;HDD18;is_public_holiday;is_adjusted_workday;is_rest_day;is_spring_festival;is_national_holiday,0.5,4.8857801093507824e-05,1.7126633231805606,0.18483784008705517,155,118,0.5985444621036147,False
黑色金属冶炼,电子,2,合计;工业;制造业;大工业电量;非普工业;居民生活;商业用电;T2M;RH2M;PRECTOTCORR;CDD18;HDD18;is_public_holiday;is_adjusted_workday;is_rest_day;is_spring_festival;is_national_holiday,0.75,0.0002651878068901,1.6746960135562188,0.1918629579152472,155,116,0.5985444621036147,False
黑色金属冶炼,大工业电量,2,合计;工业;制造业;非普工业;居民生活;商业用电;T2M;RH2M;PRECTOTCORR;CDD18;HDD18;is_public_holiday;is_adjusted_workday;is_rest_day;is_spring_festival;is_national_holiday,0.75,0.0019121064233565,1.5941190216821892,0.20742954934418223,155,118,0.5985444621036147,False
电子,工业,2,合计;制造业;大工业电量;非普工业;居民生活;商业用电;T2M;RH2M;PRECTOTCORR;CDD18;HDD18;is_public_holiday;is_adjusted_workday;is_rest_day;is_spring_festival;is_national_holiday,0.75,5.8882859445473305e-08,1.588712570967794,0.20852443167267942,155,118,0.5985444621036147,False
交通仓储和邮政业,非金属矿物制品业,2,合计;工业;制造业;大工业电量;非普工业;居民生活;商业用电;T2M;RH2M;PRECTOTCORR;CDD18;HDD18;is_public_holiday;is_adjusted_workday;is_rest_day;is_spring_festival;is_national_holiday,0.5,0.0001602185954145,1.565101430410323,0.2134490658449022,155,116,0.5985444621036147,False
非金属矿物制品业,电子,2,合计;工业;制造业;大工业电量;非普工业;居民生活;商业用电;T2M;RH2M;PRECTOTCORR;CDD18;HDD18;is_public_holiday;is_adjusted_workday;is_rest_day;is_spring_festival;is_national_holiday,0.5,0.0082952856809403,1.556447662867582,0.215255400962845,155,116,0.5985444621036147,False
住宿和餐饮业,非金属矿物制品业,2,合计;工业;制造业;大工业电量;非普工业;居民生活;商业用电;T2M;RH2M;PRECTOTCORR;CDD18;HDD18;is_public_holiday;is_adjusted_workday;is_rest_day;is_spring_festival;is_national_holiday,0.5,0.0097738593710967,1.5238205851996638,0.2222067696530946,155,116,0.5985444621036147,False
化学制品制造业,非金属矿物制品业,2,合计;工业;制造业;大工业电量;非普工业;居民生活;商业用电;T2M;RH2M;PRECTOTCORR;CDD18;HDD18;is_public_holiday;is_adjusted_workday;is_rest_day;is_spring_festival;is_national_holiday,0.5,0.0015067151714774,1.513493877331409,0.22445417328885553,155,116,0.5985444621036147,False
合计,纺织业,2,工业;制造业;大工业电量;非普工业;居民生活;商业用电;T2M;RH2M;PRECTOTCORR;CDD18;HDD18;is_public_holiday;is_adjusted_workday;is_rest_day;is_spring_festival;is_national_holiday,0.75,0.0001528374084846,1.3944291485274938,0.2520302839404668,155,118,0.6459434819484041,False
黑色金属冶炼,非金属矿物制品业,2,合计;工业;制造业;大工业电量;非普工业;居民生活;商业用电;T2M;RH2M;PRECTOTCORR;CDD18;HDD18;is_public_holiday;is_adjusted_workday;is_rest_day;is_spring_festival;is_national_holiday,1.0,1.0080352347241471e-05,1.2515772946014483,0.28988684349731064,155,116,0.6459434819484041,False
黑色金属冶炼,非普工业,2,合计;工业;制造业;大工业电量;居民生活;商业用电;T2M;RH2M;PRECTOTCORR;CDD18;HDD18;is_public_holiday;is_adjusted_workday;is_rest_day;is_spring_festival;is_national_holiday,0.75,0.0010973808470459,1.2447253746232279,0.29177358829948896,155,118,0.6459434819484041,False
电子,大工业电量,2,合计;工业;制造业;非普工业;居民生活;商业用电;T2M;RH2M;PRECTOTCORR;CDD18;HDD18;is_public_holiday;is_adjusted_workday;is_rest_day;is_spring_festival;is_national_holiday,0.75,1.3976740530655514e-06,1.2368624675829543,0.2940291969782448,155,118,0.6459434819484041,False
信息传输,非金属矿物制品业,2,合计;工业;制造业;大工业电量;非普工业;居民生活;商业用电;T2M;RH2M;PRECTOTCORR;CDD18;HDD18;is_public_holiday;is_adjusted_workday;is_rest_day;is_spring_festival;is_national_holiday,0.5,0.0001406670446988,1.232733376973308,0.29528454813429694,155,116,0.6459434819484041,False
农业,黑色金属冶炼,2,合计;工业;制造业;大工业电量;非普工业;居民生活;商业用电;T2M;RH2M;PRECTOTCORR;CDD18;HDD18;is_public_holiday;is_adjusted_workday;is_rest_day;is_spring_festival;is_national_holiday,0.5,0.0009553387994961,1.224188920137187,0.29776562897996317,155,116,0.6459434819484041,False
石化,黑色金属冶炼,2,合计;工业;制造业;大工业电量;非普工业;居民生活;商业用电;T2M;RH2M;PRECTOTCORR;CDD18;HDD18;is_public_holiday;is_adjusted_workday;is_rest_day;is_spring_festival;is_national_holiday,0.25,0.0054077181049007,1.2169554158972076,0.2998826149073226,155,116,0.6459434819484041,False
住宿和餐饮业,非普工业,2,合计;工业;制造业;大工业电量;居民生活;商业用电;T2M;RH2M;PRECTOTCORR;CDD18;HDD18;is_public_holiday;is_adjusted_workday;is_rest_day;is_spring_festival;is_national_holiday,0.25,0.001322330649156,1.1933927974320084,0.306823153925492,155,118,0.6459434819484041,False
纺织业,合计,2,工业;制造业;大工业电量;非普工业;居民生活;商业用电;T2M;RH2M;PRECTOTCORR;CDD18;HDD18;is_public_holiday;is_adjusted_workday;is_rest_day;is_spring_festival;is_national_holiday,0.25,0.0036681006500798,1.1031743976389934,0.3352134870421085,155,118,0.6876174093171457,False
化学制品制造业,非普工业,2,合计;工业;制造业;大工业电量;居民生活;商业用电;T2M;RH2M;PRECTOTCORR;CDD18;HDD18;is_public_holiday;is_adjusted_workday;is_rest_day;is_spring_festival;is_national_holiday,0.5,0.0004327414891339,1.0503890598025147,0.35304899759959396,155,118,0.7060979951991879,False
化学制品制造业,黑色金属冶炼,2,合计;工业;制造业;大工业电量;非普工业;居民生活;商业用电;T2M;RH2M;PRECTOTCORR;CDD18;HDD18;is_public_holiday;is_adjusted_workday;is_rest_day;is_spring_festival;is_national_holiday,0.25,0.0061032038320433,1.0065865236502634,0.36863375522033104,155,116,0.7120302119928542,False
合计,黑色金属冶炼,2,工业;制造业;大工业电量;非普工业;居民生活;商业用电;T2M;RH2M;PRECTOTCORR;CDD18;HDD18;is_public_holiday;is_adjusted_workday;is_rest_day;is_spring_festival;is_national_holiday,0.5,0.0064898564447597,0.992243184448346,0.37381586129624844,155,118,0.7120302119928542,False
化学制品制造业,纺织业,2,合计;工业;制造业;大工业电量;非普工业;居民生活;商业用电;T2M;RH2M;PRECTOTCORR;CDD18;HDD18;is_public_holiday;is_adjusted_workday;is_rest_day;is_spring_festival;is_national_holiday,0.5,0.00039260182229,0.9219763957087268,0.4006267017230911,155,116,0.7279120663581308,False
石化,非金属矿物制品业,2,合计;工业;制造业;大工业电量;非普工业;居民生活;商业用电;T2M;RH2M;PRECTOTCORR;CDD18;HDD18;is_public_holiday;is_adjusted_workday;is_rest_day;is_spring_festival;is_national_holiday,0.5,0.000700427417862,0.9019489338980379,0.40860442433697275,155,116,0.7279120663581308,False
非普工业,非金属矿物制品业,2,合计;工业;制造业;大工业电量;居民生活;商业用电;T2M;RH2M;PRECTOTCORR;CDD18;HDD18;is_public_holiday;is_adjusted_workday;is_rest_day;is_spring_festival;is_national_holiday,0.5,0.0020320149821965,0.8797690796393105,0.4175820212442575,155,118,0.7279120663581308,False
纺织业,电子,2,合计;工业;制造业;大工业电量;非普工业;居民生活;商业用电;T2M;RH2M;PRECTOTCORR;CDD18;HDD18;is_public_holiday;is_adjusted_workday;is_rest_day;is_spring_festival;is_national_holiday,1.0,4.6111796048187166e-08,0.8567346242223058,0.4272146425908686,155,116,0.7279120663581308,False
制造业,工业,2,合计;大工业电量;非普工业;居民生活;商业用电;T2M;RH2M;PRECTOTCORR;CDD18;HDD18;is_public_holiday;is_adjusted_workday;is_rest_day;is_spring_festival;is_national_holiday,0.5,0.0035743648341573,0.8161935648660924,0.4445503447602285,155,120,0.7279120663581308,False
信息传输,制造业,2,合计;工业;大工业电量;非普工业;居民生活;商业用电;T2M;RH2M;PRECTOTCORR;CDD18;HDD18;is_public_holiday;is_adjusted_workday;is_rest_day;is_spring_festival;is_national_holiday,0.25,0.001054712227078,0.8159654457691914,0.4446914692243965,155,118,0.7279120663581308,False
制造业,大工业电量,2,合计;工业;非普工业;居民生活;商业用电;T2M;RH2M;PRECTOTCORR;CDD18;HDD18;is_public_holiday;is_adjusted_workday;is_rest_day;is_spring_festival;is_national_holiday,0.5,0.0023091643082839,0.7526489832024459,0.47332765075212957,155,120,0.7279120663581308,False
合计,非金属矿物制品业,2,工业;制造业;大工业电量;非普工业;居民生活;商业用电;T2M;RH2M;PRECTOTCORR;CDD18;HDD18;is_public_holiday;is_adjusted_workday;is_rest_day;is_spring_festival;is_national_holiday,0.5,0.012747397668424,0.7512838537005768,0.47400339625846444,155,118,0.7279120663581308,False
农业,纺织业,2,合计;工业;制造业;大工业电量;非普工业;居民生活;商业用电;T2M;RH2M;PRECTOTCORR;CDD18;HDD18;is_public_holiday;is_adjusted_workday;is_rest_day;is_spring_festival;is_national_holiday,0.5,0.0006480847274366,0.7503673370348143,0.47447093810895347,155,116,0.7279120663581308,False
批发和零售业,纺织业,2,合计;工业;制造业;大工业电量;非普工业;居民生活;商业用电;T2M;RH2M;PRECTOTCORR;CDD18;HDD18;is_public_holiday;is_adjusted_workday;is_rest_day;is_spring_festival;is_national_holiday,0.75,0.0002651878068901,0.7430495288011949,0.4779113059986656,155,116,0.7279120663581308,False
制造业,非普工业,2,合计;工业;大工业电量;居民生活;商业用电;T2M;RH2M;PRECTOTCORR;CDD18;HDD18;is_public_holiday;is_adjusted_workday;is_rest_day;is_spring_festival;is_national_holiday,0.5,0.0369505102185429,0.7337602001127822,0.4822417439622616,155,120,0.7279120663581308,False
信息传输,工业,2,合计;制造业;大工业电量;非普工业;居民生活;商业用电;T2M;RH2M;PRECTOTCORR;CDD18;HDD18;is_public_holiday;is_adjusted_workday;is_rest_day;is_spring_festival;is_national_holiday,0.25,0.0022502107699506,0.6410651099916099,0.528555542657034,155,118,0.783045248380791,False
电子,黑色金属冶炼,2,合计;工业;制造业;大工业电量;非普工业;居民生活;商业用电;T2M;RH2M;PRECTOTCORR;CDD18;HDD18;is_public_holiday;is_adjusted_workday;is_rest_day;is_spring_festival;is_national_holiday,0.25,0.0035318553851817,0.5807071074167661,0.5611206738935763,155,116,0.8118837295976569,False
信息传输,非普工业,2,合计;工业;制造业;大工业电量;居民生活;商业用电;T2M;RH2M;PRECTOTCORR;CDD18;HDD18;is_public_holiday;is_adjusted_workday;is_rest_day;is_spring_festival;is_national_holiday,0.75,4.7738558206500414e-06,0.5677877393094443,0.5683186107183598,155,118,0.8118837295976569,False
石化,非普工业,2,合计;工业;制造业;大工业电量;居民生活;商业用电;T2M;RH2M;PRECTOTCORR;CDD18;HDD18;is_public_holiday;is_adjusted_workday;is_rest_day;is_spring_festival;is_national_holiday,0.5,0.0002651878068901,0.47496068476389314,0.623093230661599,155,118,0.8745168149636477,False
居民生活,非普工业,2,合计;工业;制造业;大工业电量;商业用电;T2M;RH2M;PRECTOTCORR;CDD18;HDD18;is_public_holiday;is_adjusted_workday;is_rest_day;is_spring_festival;is_national_holiday,0.5,0.0012476404771157,0.4322067487114854,0.6500815286335792,155,120,0.8826249132959494,False
大工业电量,制造业,2,合计;工业;非普工业;居民生活;商业用电;T2M;RH2M;PRECTOTCORR;CDD18;HDD18;is_public_holiday;is_adjusted_workday;is_rest_day;is_spring_festival;is_national_holiday,0.5,0.0013113556018111,0.38187876959836997,0.683404304983199,155,120,0.8826249132959494,False
大工业电量,纺织业,2,合计;工业;制造业;非普工业;居民生活;商业用电;T2M;RH2M;PRECTOTCORR;CDD18;HDD18;is_public_holiday;is_adjusted_workday;is_rest_day;is_spring_festival;is_national_holiday,1.0,2.935621665756117e-07,0.37967681736136144,0.6849151033979645,155,118,0.8826249132959494,False
石化,纺织业,2,合计;工业;制造业;大工业电量;非普工业;居民生活;商业用电;T2M;RH2M;PRECTOTCORR;CDD18;HDD18;is_public_holiday;is_adjusted_workday;is_rest_day;is_spring_festival;is_national_holiday,0.5,0.0002767955138903,0.36868794073976985,0.6924487396119284,155,116,0.8826249132959494,False
批发和零售业,黑色金属冶炼,2,合计;工业;制造业;大工业电量;非普工业;居民生活;商业用电;T2M;RH2M;PRECTOTCORR;CDD18;HDD18;is_public_holiday;is_adjusted_workday;is_rest_day;is_spring_festival;is_national_holiday,0.5,0.0012476404771157,0.35128458785899613,0.704529508155796,155,116,0.8826249132959494,False
交通仓储和邮政业,黑色金属冶炼,2,合计;工业;制造业;大工业电量;非普工业;居民生活;商业用电;T2M;RH2M;PRECTOTCORR;CDD18;HDD18;is_public_holiday;is_adjusted_workday;is_rest_day;is_spring_festival;is_national_holiday,0.25,0.0006721159331397,0.3402627422932224,0.7122911473961505,155,116,0.8826249132959494,False
大工业电量,电子,2,合计;工业;制造业;非普工业;居民生活;商业用电;T2M;RH2M;PRECTOTCORR;CDD18;HDD18;is_public_holiday;is_adjusted_workday;is_rest_day;is_spring_festival;is_national_holiday,0.75,6.189367365183607e-06,0.32523427801080684,0.7230035543974053,155,118,0.8826249132959494,False
批发和零售业,非普工业,2,合计;工业;制造业;大工业电量;居民生活;商业用电;T2M;RH2M;PRECTOTCORR;CDD18;HDD18;is_public_holiday;is_adjusted_workday;is_rest_day;is_spring_festival;is_national_holiday,0.5,0.0001488089427156,0.31419458779324627,0.7309860149333223,155,118,0.8826249132959494,False
工业,非金属矿物制品业,2,合计;制造业;大工业电量;非普工业;居民生活;商业用电;T2M;RH2M;PRECTOTCORR;CDD18;HDD18;is_public_holiday;is_adjusted_workday;is_rest_day;is_spring_festival;is_national_holiday,0.5,0.0009773715863727,0.3090135795778875,0.7347630872764271,155,118,0.8826249132959494,False
居民生活,非金属矿物制品业,2,合计;工业;制造业;大工业电量;非普工业;商业用电;T2M;RH2M;PRECTOTCORR;CDD18;HDD18;is_public_holiday;is_adjusted_workday;is_rest_day;is_spring_festival;is_national_holiday,0.5,0.0049761749648295,0.29027484718229457,0.7485905424716288,155,118,0.8826249132959494,False
制造业,电子,2,合计;工业;大工业电量;非普工业;居民生活;商业用电;T2M;RH2M;PRECTOTCORR;CDD18;HDD18;is_public_holiday;is_adjusted_workday;is_rest_day;is_spring_festival;is_national_holiday,0.75,2.935621665756117e-07,0.2880748848316649,0.750231176301557,155,118,0.8826249132959494,False
农业,非金属矿物制品业,2,合计;工业;制造业;大工业电量;非普工业;居民生活;商业用电;T2M;RH2M;PRECTOTCORR;CDD18;HDD18;is_public_holiday;is_adjusted_workday;is_rest_day;is_spring_festival;is_national_holiday,0.5,0.0006480847274366,0.24047830735082115,0.7866426905694871,155,116,0.8998888560903517,False
信息传输,纺织业,2,合计;工业;制造业;大工业电量;非普工业;居民生活;商业用电;T2M;RH2M;PRECTOTCORR;CDD18;HDD18;is_public_holiday;is_adjusted_workday;is_rest_day;is_spring_festival;is_national_holiday,0.75,6.242740333959618e-05,0.23155047710537113,0.7936684295809695,155,116,0.8998888560903517,False
信息传输,黑色金属冶炼,2,合计;工业;制造业;大工业电量;非普工业;居民生活;商业用电;T2M;RH2M;PRECTOTCORR;CDD18;HDD18;is_public_holiday;is_adjusted_workday;is_rest_day;is_spring_festival;is_national_holiday,0.25,0.0007613272364922,0.21828219348918118,0.804227998195249,155,116,0.8998888560903517,False
大工业电量,非金属矿物制品业,2,合计;工业;制造业;非普工业;居民生活;商业用电;T2M;RH2M;PRECTOTCORR;CDD18;HDD18;is_public_holiday;is_adjusted_workday;is_rest_day;is_spring_festival;is_national_holiday,0.5,0.0023815137166832,0.2112217221738405,0.8098999704813165,155,118,0.8998888560903517,False
批发和零售业,非金属矿物制品业,2,合计;工业;制造业;大工业电量;非普工业;居民生活;商业用电;T2M;RH2M;PRECTOTCORR;CDD18;HDD18;is_public_holiday;is_adjusted_workday;is_rest_day;is_spring_festival;is_national_holiday,0.5,0.0013304180779016,0.17590469933080688,0.8389212051979019,155,116,0.9193657043264678,False
制造业,纺织业,2,合计;工业;大工业电量;非普工业;居民生活;商业用电;T2M;RH2M;PRECTOTCORR;CDD18;HDD18;is_public_holiday;is_adjusted_workday;is_rest_day;is_spring_festival;is_national_holiday,1.0,1.3415791552673364e-07,0.14843354903982336,0.8622179954346778,155,118,0.9321275626320842,False
合计,非普工业,2,工业;制造业;大工业电量;居民生活;商业用电;T2M;RH2M;PRECTOTCORR;CDD18;HDD18;is_public_holiday;is_adjusted_workday;is_rest_day;is_spring_festival;is_national_holiday,0.5,7.39194943598509e-05,0.12504525638670608,0.882571799293743,155,120,0.9414099192466591,False
工业,制造业,2,合计;大工业电量;非普工业;居民生活;商业用电;T2M;RH2M;PRECTOTCORR;CDD18;HDD18;is_public_holiday;is_adjusted_workday;is_rest_day;is_spring_festival;is_national_holiday,0.5,0.0058231233204517,0.10040656849916924,0.904545519532169,155,120,0.9521531784549148,False
非普工业,纺织业,2,合计;工业;制造业;大工业电量;居民生活;商业用电;T2M;RH2M;PRECTOTCORR;CDD18;HDD18;is_public_holiday;is_adjusted_workday;is_rest_day;is_spring_festival;is_national_holiday,0.75,0.0010208563391614,0.03780677100962396,0.9629106417465746,155,118,0.9736945649360249,False
工业,纺织业,2,合计;制造业;大工业电量;非普工业;居民生活;商业用电;T2M;RH2M;PRECTOTCORR;CDD18;HDD18;is_public_holiday;is_adjusted_workday;is_rest_day;is_spring_festival;is_national_holiday,1.0,2.27051655277144e-07,0.03253425313093538,0.9679979724562074,155,118,0.9736945649360249,False
非普工业,电子,2,合计;工业;制造业;大工业电量;居民生活;商业用电;T2M;RH2M;PRECTOTCORR;CDD18;HDD18;is_public_holiday;is_adjusted_workday;is_rest_day;is_spring_festival;is_national_holiday,0.5,1.0080352347241471e-05,0.029041891219520843,0.9713827123718206,155,118,0.9736945649360249,False
工业,电子,2,合计;制造业;大工业电量;非普工业;居民生活;商业用电;T2M;RH2M;PRECTOTCORR;CDD18;HDD18;is_public_holiday;is_adjusted_workday;is_rest_day;is_spring_festival;is_national_holiday,0.75,1.2858277255253151e-06,0.026663636061125175,0.973694564936025,155,118,0.9736945649360249,False
