类型,汇总方式,单位代码,单位名称,行号,行业代码,行业名称,行业名称_清洗
用电,按地市汇总,35101,全省,3102,1300,   1.农副食品加工业,1.农副食品加工业
用电,按地市汇总,35101,全省,3502,4400,   1.电力、热力生产和供应业,1.电力、热力生产和供应业
用电,按地市汇总,35101,全省,3160,2200,   10.造纸和纸制品业,10.造纸和纸制品业
用电,按地市汇总,35101,全省,3164,2300,   11.印刷和记录媒介复制业,11.印刷和记录媒介复制业
用电,按地市汇总,35101,全省,3168,2400,   12.文教、工美、体育和娱乐用品制造业,12.文教、工美、体育和娱乐用品制造业
用电,按地市汇总,35101,全省,3175,2500,   13.石油、煤炭及其他燃料加工业,13.石油、煤炭及其他燃料加工业
用电,按地市汇总,35101,全省,3182,2600,   14.化学原料和化学制品制造业,14.化学原料和化学制品制造业
用电,按地市汇总,35101,全省,3195,2700,   15.医药制造业,15.医药制造业
用电,按地市汇总,35101,全省,3204,2800,   16.化学纤维制造业,16.化学纤维制造业
用电,按地市汇总,35101,全省,3208,3AA0,   17.橡胶和塑料制品业,17.橡胶和塑料制品业
用电,按地市汇总,35101,全省,3227,3100,   18.非金属矿物制品业,18.非金属矿物制品业
用电,按地市汇总,35101,全省,3259,3200,   19.黑色金属冶炼和压延加工业,19.黑色金属冶炼和压延加工业
用电,按地市汇总,35101,全省,3111,1400,   2.食品制造业,2.食品制造业
用电,按地市汇总,35101,全省,3266,3300,   20.有色金属冶炼和压延加工业,20.有色金属冶炼和压延加工业
用电,按地市汇总,35101,全省,3274,3400,   21.金属制品业,21.金属制品业
用电,按地市汇总,35101,全省,3293,3500,   22.通用设备制造业,22.通用设备制造业
用电,按地市汇总,35101,全省,3309,3600,   23.专用设备制造业,23.专用设备制造业
用电,按地市汇总,35101,全省,3319,3800,   24.汽车制造业,24.汽车制造业
用电,按地市汇总,35101,全省,3329,3700,   25.铁路、船舶、航空航天和其他运输设备制造业,25.铁路、船舶、航空航天和其他运输设备制造业
用电,按地市汇总,35101,全省,3340,3900,   26.电气机械和器材制造业,26.电气机械和器材制造业
用电,按地市汇总,35101,全省,3351,4000,   27.计算机、通信和其他电子设备制造业,27.计算机、通信和其他电子设备制造业
用电,按地市汇总,35101,全省,3366,4100,   28.仪器仪表制造业,28.仪器仪表制造业
用电,按地市汇总,35101,全省,3374,4200,   29.其他制造业,29.其他制造业
用电,按地市汇总,35101,全省,3119,1500,   3.酒、饮料及精制茶制造业,3.酒、饮料及精制茶制造业
用电,按地市汇总,35101,全省,3378,4300,   30.废弃资源综合利用业,30.废弃资源综合利用业
用电,按地市汇总,35101,全省,3381,4B00,   31.金属制品、机械和设备修理业,31.金属制品、机械和设备修理业
用电,按地市汇总,35101,全省,3123,1600,   4.烟草制品业,4.烟草制品业
用电,按地市汇总,35101,全省,3127,1700,   5.纺织业,5.纺织业
用电,按地市汇总,35101,全省,3136,1800,   6.纺织服装、服饰业,6.纺织服装、服饰业
用电,按地市汇总,35101,全省,3140,1900,   7.皮革、毛皮、羽毛及其制品和制鞋业,7.皮革、毛皮、羽毛及其制品和制鞋业
用电,按地市汇总,35101,全省,3146,2000,   8.木材加工和木、竹、藤、棕、草制品业,8.木材加工和木、竹、藤、棕、草制品业
用电,按地市汇总,35101,全省,3154,2100,   9.家具制造业,9.家具制造业
用电,按地市汇总,35101,全省,1021,9900,B、城乡居民生活用电合计,B、城乡居民生活用电合计
用电,按地市汇总,35101,全省,2001,A000,一、农、林、牧、渔业,一、农、林、牧、渔业
用电,按地市汇总,35101,全省,,,一般工商业,一般工商业
用电,按地市汇总,35101,全省,7001,I000,七、住宿和餐饮业,七、住宿和餐饮业
用电,按地市汇总,35101,全省,4001,E000,三、建筑业,三、建筑业
用电,按地市汇总,35101,全省,8032,7200,九、房地产业,九、房地产业
用电,按地市汇总,35101,全省,1026,9920,   乡村居民,乡村居民
用电,按地市汇总,35101,全省,3001,GG00,二、工业,二、工业
用电,按地市汇总,35101,全省,6001,G000,五、信息传输、软件和信息技术服务业,五、信息传输、软件和信息技术服务业
用电,按地市汇总,35101,全省,,,代购一般工商业,代购一般工商业
用电,按地市汇总,35101,全省,,,代购商业,代购商业
用电,按地市汇总,35101,全省,,,代购大工业,代购大工业
用电,按地市汇总,35101,全省,,,代购非居照,代购非居照
用电,按地市汇总,35101,全省,,,代购非普,代购非普
用电,按地市汇总,35101,全省,1001,AAAA,全社会用电总计,全社会用电总计
用电,按地市汇总,35101,全省,1001,AAAA,全社会用电总计不含抽蓄,全社会用电总计不含抽蓄
用电,按地市汇总,35101,全省,8001,J000,八、金融业,八、金融业
用电,按地市汇总,35101,全省,6025,H000,六、批发和零售业,六、批发和零售业
用电,按地市汇总,35101,全省,,,农业,农业
用电,按地市汇总,35101,全省,8038,L000,十、租赁和商务服务业,十、租赁和商务服务业
用电,按地市汇总,35101,全省,9001,M000,十一、公共服务及管理组织,十一、公共服务及管理组织
用电,按地市汇总,35101,全省,,,商业,商业
用电,按地市汇总,35101,全省,5001,F000,四、交通运输、仓储和邮政业,四、交通运输、仓储和邮政业
用电,按地市汇总,35101,全省,1022,9910,   城镇居民,城镇居民
用电,按地市汇总,35101,全省,,,大工业（不含抽蓄),大工业（不含抽蓄)
用电,按地市汇总,35101,全省,,,居民,居民
用电,按地市汇总,35101,全省,,,抽蓄,抽蓄
用电,按地市汇总,35101,全省,1012,99A0,   第一产业,第一产业
用电,按地市汇总,35101,全省,1014,99C0,   第三产业,第三产业
用电,按地市汇总,35101,全省,1013,99B0,   第二产业,第二产业
用电,按地市汇总,35101,全省,,,趸售,趸售
用电,按地市汇总,35101,全省,,,非居照,非居照
用电,按地市汇总,35101,全省,,,非普,非普
用电,按地市汇总,35101,全省,3002,B000,（一）采矿业,（一）采矿业
用电,按地市汇总,35101,全省,3101,C000,（二） 制造业,（二） 制造业
