目标变量,行业,制造业分组,检验滞后阶数,best_corr_lag,best_corr,best_abs_corr,corr_n,F,p_value,test_n,df_num,df_den,backtest_n,mae_base,mae_full,mae_gain,point_improvement_share,rolling_windows,rolling_median_abs_corr,rolling_strong_share,rolling_sign_consistency,q_value,证据等级,综合排序分
制造业同比增长率,22.通用设备制造业,装备制造,1,1,-0.32009648200866875,0.32009648200866875,35,4.862577880111691,0.03475004495742001,35,1,32,23,0.10161484110892222,0.09517057198852018,0.06341858187323587,0.43478260869565216,18,0.32577966998049857,0.7222222222222222,1.0,0.1901031871200036,仅相关或检验候选,0.24135303604380576
制造业同比增长率,8.木材加工和木、竹、藤、棕、草制品业,消费与轻工制造,1,1,-0.29956428844720606,0.29956428844720606,35,3.323628842769696,0.07764550785619725,35,1,32,23,0.10161484110892222,0.09810061017501197,0.03458383534884732,0.43478260869565216,18,0.3061870348646377,0.7777777777777778,1.0,0.1977797574975996,仅相关或检验候选,0.21769001655609294
制造业同比增长率,31.金属制品、机械和设备修理业,其他制造,2,1,-0.3583957447815938,0.3583957447815938,35,2.760518506399629,0.07990158315384474,34,2,29,22,0.0906247110645077,0.09019766155355714,0.00471228548962302,0.5454545454545454,18,0.32505264287905533,0.7777777777777778,1.0,0.1977797574975996,仅相关或检验候选,0.20441925721070264
制造业同比增长率,11.印刷和记录媒介复制业,消费与轻工制造,1,1,-0.3330223771327096,0.3330223771327096,35,6.971121192046743,0.012698935074883438,35,1,32,23,0.10161484110892222,0.10011022935873756,0.014807007852050287,0.43478260869565216,18,0.335726153970903,0.7222222222222222,1.0,0.14762512024551996,仅相关或检验候选,0.19486536536634433
制造业同比增长率,25.铁路、船舶、航空航天和其他运输设备制造业,装备制造,1,1,-0.400672953189886,0.400672953189886,35,6.293579826998033,0.017378265050941564,35,1,32,23,0.10161484110892222,0.10329494003665844,-0.016533991584313033,0.5217391304347826,18,0.3844287993119483,0.8888888888888888,1.0,0.16085318332951323,仅相关或检验候选,0.1925731077033176
制造业同比增长率,7.皮革、毛皮、羽毛及其制品和制鞋业,消费与轻工制造,1,1,-0.3076030269139446,0.3076030269139446,35,3.3147096967602376,0.07802580986441061,35,1,32,23,0.10161484110892222,0.10105608432613665,0.005498771406694694,0.30434782608695654,18,0.32703057719516354,0.7222222222222222,1.0,0.1977797574975996,仅相关或检验候选,0.16348417966708043
制造业同比增长率,20.有色金属冶炼和压延加工业,传统高耗能与材料行业,1,3,0.24383983481971241,0.24383983481971241,33,3.7593127117959204,0.061375822648061906,35,1,32,23,0.10161484110892222,0.10345933532283358,-0.018151819102233565,0.6086956521739131,16,0.219820976299114,0.0625,0.9375,0.19204326573573116,仅相关或检验候选,0.11980036543706685
制造业同比增长率,6.纺织服装、服饰业,消费与轻工制造,1,1,-0.2986789868938173,0.2986789868938173,35,3.8304660077876203,0.05910031949834229,35,1,32,23,0.10161484110892222,0.10572607013570487,-0.04045894263000201,0.391304347826087,18,0.31131090185470306,0.6111111111111112,1.0,0.19204326573573116,仅相关或检验候选,0.11974565736823561
制造业同比增长率,29.其他制造业,其他制造,1,1,-0.3592501033832076,0.3592501033832076,35,3.6011318660743044,0.06679382599271874,35,1,32,23,0.10161484110892222,0.1122360430578742,-0.10452412101463589,0.5217391304347826,18,0.3361427641555468,0.7777777777777778,1.0,0.1977797574975996,仅相关或检验候选,0.0916255384534793
制造业同比增长率,2.食品制造业,消费与轻工制造,1,1,-0.339610452643389,0.339610452643389,35,3.9156202841521304,0.05649986902201759,35,1,32,23,0.10161484110892222,0.11418085049873064,-0.1236631308249428,0.43478260869565216,18,0.33202652367689584,0.8333333333333334,1.0,0.19204326573573116,仅相关或检验候选,0.06528543052595182
制造业同比增长率,28.仪器仪表制造业,先进制造与技术相关行业,1,1,-0.33201074365129013,0.33201074365129013,35,4.031672431084666,0.053158677369865175,35,1,32,23,0.10161484110892222,0.11616191227697792,-0.14315892254815923,0.5652173913043478,18,0.3125270697779937,0.7222222222222222,1.0,0.19204326573573116,仅相关或检验候选,0.05424374508292861
制造业同比增长率,17.橡胶和塑料制品业,传统高耗能与材料行业,1,1,-0.31522991095044295,0.31522991095044295,35,5.284753204732324,0.02819165202319338,35,1,32,23,0.10161484110892222,0.11444170394289403,-0.1262302110006012,0.391304347826087,18,0.3136717584804828,0.6666666666666666,1.0,0.1901031871200036,仅相关或检验候选,0.03962694848397833
制造业同比增长率,30.废弃资源综合利用业,其他制造,2,1,-0.42389051989553905,0.42389051989553905,35,6.9738966619357745,0.0033661121330489678,34,2,29,22,0.0906247110645077,0.10268199386600142,-0.13304630337426632,0.13636363636363635,18,0.43827673910973863,0.9444444444444444,1.0,0.104349476124518,仅相关或检验候选,0.02663521271849767
制造业同比增长率,21.金属制品业,装备制造,2,1,-0.323642427666914,0.323642427666914,35,5.269859733795115,0.011163079200939044,34,2,29,22,0.0906247110645077,0.11721858987976931,-0.29345063286692064,0.4090909090909091,18,0.33406149204505,0.7222222222222222,1.0,0.14762512024551996,仅相关或检验候选,-0.11724603029333805
制造业同比增长率,12.文教、工美、体育和娱乐用品制造业,消费与轻工制造,1,1,-0.31875950024896943,0.31875950024896943,35,6.612595547123249,0.014976277515607235,35,1,32,23,0.10161484110892222,0.13581768558831214,-0.3365930026178703,0.30434782608695654,18,0.3236580606794146,0.7222222222222222,1.0,0.15475486766127478,仅相关或检验候选,-0.17645634986566827
制造业同比增长率,16.化学纤维制造业,传统高耗能与材料行业,2,4,0.28736659134717923,0.28736659134717923,32,3.2904646662925368,0.05153713899069946,34,2,29,22,0.0906247110645077,0.0626586320971999,0.3085922000612087,0.5909090909090909,15,0.283874457023314,0.2,0.8666666666666667,0.19204326573573116,有预测增益候选,0.4576264004107858
制造业同比增长率,3.酒、饮料及精制茶制造业,消费与轻工制造,2,1,-0.2470412000247604,0.2470412000247604,35,2.1620857970923657,0.1332785377331278,34,2,29,22,0.0906247110645077,0.06505897143307209,0.2821056125987274,0.6363636363636364,18,0.28337584197397997,0.3333333333333333,1.0,0.24789808018361773,有预测增益候选,0.4484985873774253
制造业同比增长率,15.医药制造业,先进制造与技术相关行业,1,1,-0.3778539556904055,0.3778539556904055,35,3.514634207301361,0.06998180278693912,35,1,32,23,0.10161484110892222,0.08232327828916124,0.189849854698706,0.6956521739130435,18,0.44338170983473496,0.8888888888888888,1.0,0.1977797574975996,有预测增益候选,0.42319758179967143
制造业同比增长率,23.专用设备制造业,装备制造,1,1,-0.2881631427508158,0.2881631427508158,35,2.6427718913138136,0.11383164997784127,35,1,32,23,0.10161484110892222,0.09889523188729994,0.026763897792322393,0.6086956521739131,18,0.31001623594497796,0.5555555555555556,1.0,0.2328542280007523,证据较弱,0.21198108977392732
制造业同比增长率,5.纺织业,消费与轻工制造,1,1,-0.25400631647665406,0.25400631647665406,35,0.5571260257310667,0.46086937593674426,35,1,32,23,0.10161484110892222,0.10587284894322617,-0.041903404934125144,0.391304347826087,18,0.27097277349922616,0.1111111111111111,1.0,0.5952896105849613,证据较弱,0.04813887782165095
制造业同比增长率,18.非金属矿物制品业,传统高耗能与材料行业,2,1,-0.29873442803206124,0.29873442803206124,35,1.2476085938602235,0.30215108640653054,34,2,29,22,0.0906247110645077,0.09889356304263149,-0.09124279549137454,0.45454545454545453,18,0.2812907629212396,0.16666666666666666,1.0,0.423361361876928,证据较弱,0.0224376212632639
制造业同比增长率,1.农副食品加工业,消费与轻工制造,1,1,-0.31508713289239965,0.31508713289239965,35,1.7629788997777616,0.19364764331227363,35,1,32,23,0.10161484110892222,0.11622862887004919,-0.14381548602199032,0.4782608695652174,18,0.30605221589916837,0.5555555555555556,1.0,0.32744056050984455,证据较弱,0.01710717194285563
制造业同比增长率,26.电气机械和器材制造业,装备制造,1,1,-0.28274788331408035,0.28274788331408035,35,1.5829319295570516,0.21744201596513715,35,1,32,23,0.10161484110892222,0.11226735544013247,-0.10483226874105617,0.391304347826087,18,0.28392065991213866,0.2777777777777778,1.0,0.3391883144591054,证据较弱,0.014681745487679383
制造业同比增长率,27.计算机、通信和其他电子设备制造业,先进制造与技术相关行业,1,1,-0.24418002874054728,0.24418002874054728,35,0.1792586636300377,0.6748433119871654,35,1,32,23,0.10161484110892222,0.1137893200503436,-0.11981004751433319,0.34782608695652173,18,0.3232608866297231,0.6111111111111112,1.0,0.7748200989482269,证据较弱,0.0047339716928448475
制造业同比增长率,14.化学原料和化学制品制造业,传统高耗能与材料行业,1,2,0.19430152625265287,0.19430152625265287,34,2.4778782718764267,0.1252942104244849,35,1,32,23,0.10161484110892222,0.11445078982887207,-0.1263196259510049,0.4782608695652174,17,0.16128660458642868,0.0,0.6470588235294118,0.2427575326974395,证据较弱,-0.016718372151094264
制造业同比增长率,24.汽车制造业,装备制造,1,1,-0.25054033653078256,0.25054033653078256,35,0.25516699324337483,0.616921635060654,35,1,32,23,0.10161484110892222,0.11612775352979353,-0.1428227635106445,0.43478260869565216,18,0.217518604858585,0.1111111111111111,1.0,0.7355604110338566,证据较弱,-0.05327228164687838
制造业同比增长率,4.烟草制品业,消费与轻工制造,2,1,-0.2525978961352796,0.2525978961352796,35,0.4590652272253863,0.6363871800742414,34,2,29,22,0.0906247110645077,0.11412514070599564,-0.2593159124640967,0.4090909090909091,18,0.25686036756861697,0.4444444444444444,0.7222222222222222,0.749164655024107,证据较弱,-0.1409660644072212
制造业同比增长率,10.造纸和纸制品业,消费与轻工制造,1,1,-0.18075557430047356,0.18075557430047356,35,0.4016815701742599,0.530726595354642,35,1,32,23,0.10161484110892222,0.13451942969427816,-0.3238167597003385,0.43478260869565216,18,0.1857568128222578,0.16666666666666666,1.0,0.6494417548418645,证据较弱,-0.22440478947141723
制造业同比增长率,9.家具制造业,消费与轻工制造,1,1,-0.28380296572663055,0.28380296572663055,35,2.3854191424937006,0.13230513825648646,35,1,32,23,0.10161484110892222,0.141623365916946,-0.3937271797250378,0.2608695652173913,18,0.3079920596355722,0.6111111111111112,1.0,0.24789808018361773,证据较弱,-0.25588053784049886
制造业同比增长率,19.黑色金属冶炼和压延加工业,传统高耗能与材料行业,1,6,-0.12529758144970918,0.12529758144970918,30,0.48412284048477133,0.49158350419463387,35,1,32,23,0.10161484110892222,0.16209596417407374,-0.5951997011964133,0.2608695652173913,13,0.13156560605207568,0.0,0.5384615384615384,0.6178008904067696,证据较弱,-0.5369593109341431
制造业同比增长率,13.石油、煤炭及其他燃料加工业,传统高耗能与材料行业,1,3,-0.1693775880865391,0.1693775880865391,33,0.06306990407609725,0.8033137149505294,35,1,32,23,0.10161484110892222,0.17358575446289926,-0.7082716714267212,0.43478260869565216,16,0.14056190180636458,0.375,0.9375,0.8300908387822137,证据较弱,-0.5970588220614841
结构转型差值T同比变化,20.有色金属冶炼和压延加工业,传统高耗能与材料行业,1,1,-0.4733781328571623,0.4733781328571623,35,10.763029897818093,0.002503963636799045,35,1,32,23,0.022673044133610105,0.01865998589518316,0.17699688735126928,0.4782608695652174,18,0.5214267457001,1.0,1.0,0.005516855121958675,仅相关或检验候选,0.39846017502995396
结构转型差值T同比变化,4.烟草制品业,消费与轻工制造,1,1,-0.4570644665502907,0.4570644665502907,35,4.0906060132158,0.05154653153204378,35,1,32,23,0.022673044133610105,0.021591672991907923,0.047694131203986745,0.5652173913043478,18,0.4985435631448153,0.7777777777777778,1.0,0.058461310152195994,仅相关或检验候选,0.2573314521698069
结构转型差值T同比变化,10.造纸和纸制品业,消费与轻工制造,2,1,-0.6116990214239396,0.6116990214239396,35,9.056735903329452,0.0008793603775333506,34,2,29,22,0.020796393010542882,0.015556219254702608,0.2519751263204023,0.5454545454545454,18,0.655142802164494,1.0,1.0,0.003028907967059319,有预测增益候选,0.48364186274023113
结构转型差值T同比变化,14.化学原料和化学制品制造业,传统高耗能与材料行业,3,4,0.26579603864319845,0.26579603864319845,32,1.9111695475925365,0.15256171375215719,33,3,26,20,0.022626158150436525,0.022528325888524874,0.004323856540787226,0.5,15,0.27944548552668835,0.4,1.0,0.16308321125230596,证据较弱,0.16116969597817193
结构转型差值T同比变化,13.石油、煤炭及其他燃料加工业,传统高耗能与材料行业,3,3,-0.29585418623257526,0.29585418623257526,33,1.0945653583209591,0.3690365404127976,33,3,26,20,0.022626158150436525,0.0265974648209898,-0.17551838204917078,0.45,16,0.35638319926162687,0.75,1.0,0.3771472336086833,证据较弱,-0.0018757437296049277
结构转型差值T同比变化,28.仪器仪表制造业,先进制造与技术相关行业,2,1,-0.6479011800635539,0.6479011800635539,35,13.606371706303316,6.79464299113216e-05,34,2,29,22,0.020796393010542882,0.012225960736653748,0.41211147863691033,0.7727272727272727,18,0.6887923033317522,1.0,1.0,0.0020475258984637675,较稳健前置信号候选,0.6779181932510779
结构转型差值T同比变化,24.汽车制造业,装备制造,2,1,-0.6045102718421607,0.6045102718421607,35,9.072001588694913,0.0008711387608162175,34,2,29,22,0.020796393010542882,0.01312186438659697,0.3690317171855357,0.8181818181818182,18,0.6179159802807928,1.0,1.0,0.003028907967059319,较稳健前置信号候选,0.6416075445144555
结构转型差值T同比变化,31.金属制品、机械和设备修理业,其他制造,3,1,-0.5872388761775394,0.5872388761775394,35,4.132202312034845,0.016016503902875394,33,3,26,20,0.022626158150436525,0.014760224651331987,0.347647773289907,0.85,18,0.5966014860526693,1.0,1.0,0.020979364267146642,较稳健前置信号候选,0.6240988050765497
结构转型差值T同比变化,1.农副食品加工业,消费与轻工制造,3,1,-0.5461910610685781,0.5461910610685781,35,5.55977668311922,0.0043845824035279495,33,3,26,20,0.022626158150436525,0.014843946287805124,0.3439475588780528,0.75,18,0.5804660253651772,1.0,1.0,0.007551225250520357,较稳健前置信号候选,0.6060699976155267
结构转型差值T同比变化,30.废弃资源综合利用业,其他制造,1,1,-0.6191958609184588,0.6191958609184588,35,19.02626840551771,0.00012545005074243406,35,1,32,23,0.022673044133610105,0.015491824103578064,0.31672941611694444,0.7391304347826086,18,0.6995908249975464,1.0,1.0,0.0020475258984637675,较稳健前置信号候选,0.5774966050394125
结构转型差值T同比变化,18.非金属矿物制品业,传统高耗能与材料行业,3,1,-0.5820181110023317,0.5820181110023317,35,3.942634372913209,0.019193465869264428,33,3,26,20,0.022626158150436525,0.015890850759425746,0.2976779065287686,0.8,18,0.6276813079148085,1.0,1.0,0.024121517916778266,较稳健前置信号候选,0.5664718306329296
结构转型差值T同比变化,21.金属制品业,装备制造,1,1,-0.6401459249601761,0.6401459249601761,35,19.63086641259711,0.00010302252351835011,35,1,32,23,0.022673044133610105,0.015598002453446119,0.3120463947616136,0.6521739130434783,18,0.6836465084483863,1.0,1.0,0.0020475258984637675,较稳健前置信号候选,0.5597701054232121
结构转型差值T同比变化,23.专用设备制造业,装备制造,1,1,-0.6330841685460377,0.6330841685460377,35,19.387721679108235,0.00011148037697975194,35,1,32,23,0.022673044133610105,0.016107148659035165,0.2895903803601642,0.6956521739130435,18,0.6303231232275914,1.0,1.0,0.0020475258984637675,较稳健前置信号候选,0.5438358301521975
结构转型差值T同比变化,2.食品制造业,消费与轻工制造,2,1,-0.553765630851506,0.553765630851506,35,6.420533226198317,0.0049150864579555475,34,2,29,22,0.020796393010542882,0.015035731912926693,0.2770028963530253,0.7272727272727273,18,0.5903798208847998,1.0,1.0,0.008019351589295894,较稳健前置信号候选,0.5356928378644695
结构转型差值T同比变化,12.文教、工美、体育和娱乐用品制造业,消费与轻工制造,1,1,-0.6210650883338026,0.6210650883338026,35,18.368285522215196,0.0001559012450747331,35,1,32,23,0.022673044133610105,0.016307832243409485,0.28073918317677277,0.6956521739130435,18,0.6523814134424849,1.0,1.0,0.0020475258984637675,较稳健前置信号候选,0.534984632968806
结构转型差值T同比变化,17.橡胶和塑料制品业,传统高耗能与材料行业,3,1,-0.6154785206862277,0.6154785206862277,35,5.52995024680454,0.004499644496198325,33,3,26,20,0.022626158150436525,0.016677925067030655,0.262891872489237,0.75,18,0.6472282457815234,1.0,1.0,0.0076084897844808045,较稳健前置信号候选,0.525011448000013
结构转型差值T同比变化,8.木材加工和木、竹、藤、棕、草制品业,消费与轻工制造,3,1,-0.5978879541772534,0.5978879541772534,35,3.9169297730992927,0.019673501376329398,33,3,26,20,0.022626158150436525,0.01724822134099402,0.23768669756861704,0.8,18,0.6294121767990768,1.0,1.0,0.02439514170664845,较稳健前置信号候选,0.5064669404832846
结构转型差值T同比变化,11.印刷和记录媒介复制业,消费与轻工制造,3,1,-0.6130924421250886,0.6130924421250886,35,5.735659036642585,0.0037670967238544995,33,3,26,20,0.022626158150436525,0.017115133326213342,0.24356873966766907,0.7,18,0.6469801320388935,1.0,1.0,0.007149795822825886,较稳健前置信号候选,0.49821124987652776
结构转型差值T同比变化,29.其他制造业,其他制造,3,1,-0.5568590540103018,0.5568590540103018,35,3.606888934820139,0.026586005249799167,33,3,26,20,0.022626158150436525,0.017169440935168256,0.24116852622472243,0.7,18,0.5962534643607913,1.0,1.0,0.03129744921811801,较稳健前置信号候选,0.49460365376381654
结构转型差值T同比变化,9.家具制造业,消费与轻工制造,1,1,-0.6132087110783049,0.6132087110783049,35,15.855010638398312,0.0003685641356051133,35,1,32,23,0.022673044133610105,0.0172803207207178,0.23784734776298658,0.6521739130434783,18,0.6557188271166474,1.0,1.0,0.0028532323185271697,较稳健前置信号候选,0.485530773103582
结构转型差值T同比变化,25.铁路、船舶、航空航天和其他运输设备制造业,装备制造,3,1,-0.5215739478058955,0.5215739478058955,35,3.6793053505162807,0.024767466452907682,33,3,26,20,0.022626158150436525,0.017619609763505534,0.221272579889326,0.75,18,0.5667037225104528,1.0,1.0,0.029771752476658603,较稳健前置信号候选,0.482283992265493
结构转型差值T同比变化,22.通用设备制造业,装备制造,3,1,-0.6109435361263773,0.6109435361263773,35,4.47491881865107,0.011610661369044836,33,3,26,20,0.022626158150436525,0.017762188017028398,0.21497110119484808,0.75,18,0.6470368914971414,1.0,1.0,0.01587928687237014,较稳健前置信号候选,0.4766771368512296
结构转型差值T同比变化,26.电气机械和器材制造业,装备制造,1,1,-0.5804307934981293,0.5804307934981293,35,13.619890403471661,0.0008282722207080541,35,1,32,23,0.022673044133610105,0.017717631065236248,0.21855967108660296,0.6956521739130435,18,0.5957212513025103,1.0,1.0,0.003028907967059319,较稳健前置信号候选,0.4727560517752065
结构转型差值T同比变化,5.纺织业,消费与轻工制造,3,1,-0.6076368819867733,0.6076368819867733,35,3.670970847806191,0.024969856915907217,33,3,26,20,0.022626158150436525,0.017702500525997943,0.21760908730957448,0.7,18,0.633353134952407,1.0,1.0,0.029771752476658603,较稳健前置信号候选,0.47112049968574155
结构转型差值T同比变化,27.计算机、通信和其他电子设备制造业,先进制造与技术相关行业,3,1,-0.5802314696232929,0.5802314696232929,35,4.733572704999867,0.009149485611222887,33,3,26,20,0.022626158150436525,0.018047721153273712,0.20235149806351374,0.75,18,0.5789743249745083,1.0,1.0,0.01289245699763225,较稳健前置信号候选,0.46420687521363213
结构转型差值T同比变化,6.纺织服装、服饰业,消费与轻工制造,1,1,-0.6090829651373826,0.6090829651373826,35,14.631844006551024,0.000570870293882801,35,1,32,23,0.022673044133610105,0.018202263012885717,0.19718486385764958,0.7391304347826086,18,0.6475319366456004,1.0,1.0,0.0028949409413958392,较稳健前置信号候选,0.45790968202797105
结构转型差值T同比变化,16.化学纤维制造业,传统高耗能与材料行业,1,1,-0.5692771973695397,0.5692771973695397,35,11.613261436954287,0.0017850382205945416,35,1,32,23,0.022673044133610105,0.018517435903554095,0.18328408861057227,0.6086956521739131,18,0.5849579462884855,1.0,1.0,0.004668072393517537,较稳健前置信号候选,0.4243550328169833
结构转型差值T同比变化,19.黑色金属冶炼和压延加工业,传统高耗能与材料行业,1,1,-0.5247606187409622,0.5247606187409622,35,8.371935976447089,0.006804976042012349,35,1,32,23,0.022673044133610105,0.0193164662831999,0.1480426638183303,0.8260869565217391,18,0.5892656399419005,1.0,1.0,0.010189225713368846,较稳健前置信号候选,0.4214462460109228
结构转型差值T同比变化,3.酒、饮料及精制茶制造业,消费与轻工制造,1,1,-0.6188715226582008,0.6188715226582008,35,14.393809961426003,0.000622567944386202,35,1,32,23,0.022673044133610105,0.018733328108111416,0.17376211161952118,0.6086956521739131,18,0.7263240049581094,1.0,1.0,0.0028949409413958392,较稳健前置信号候选,0.4149217123985383
结构转型差值T同比变化,7.皮革、毛皮、羽毛及其制品和制鞋业,消费与轻工制造,3,1,-0.596105987046425,0.596105987046425,35,3.945559275688764,0.019139639113607623,33,3,26,20,0.022626158150436525,0.018956849216968823,0.16217109900281107,0.65,18,0.6481652230957384,1.0,1.0,0.024121517916778266,较稳健前置信号候选,0.4084650231069721
结构转型差值T同比变化,15.医药制造业,先进制造与技术相关行业,3,1,-0.39734648539189,0.39734648539189,35,2.8095177560800444,0.059240640520173096,33,3,26,20,0.022626158150436525,0.01988953227058517,0.12094964870554292,0.6,18,0.39981854969235436,0.8333333333333334,1.0,0.06481623021618939,较稳健前置信号候选,0.3410421705280668
结构转型比值R同比变化,14.化学原料和化学制品制造业,传统高耗能与材料行业,3,4,0.31441853332667813,0.31441853332667813,32,3.2587055046051407,0.03754420788279772,33,3,26,20,0.0262384432218808,0.02592103847121336,0.01209693532437731,0.6,15,0.3269710985779161,0.7333333333333333,1.0,0.04060013178023474,仅相关或检验候选,0.2234002620686989
结构转型比值R同比变化,20.有色金属冶炼和压延加工业,传统高耗能与材料行业,1,1,-0.5731528443459566,0.5731528443459566,35,18.382115373867773,0.0001551857324738627,35,1,32,23,0.024633347290943443,0.018758131600544525,0.23850659112653225,0.5217391304347826,18,0.6307422201815762,1.0,1.0,0.0005345286340766381,有预测增益候选,0.4667407342600458
结构转型比值R同比变化,13.石油、煤炭及其他燃料加工业,传统高耗能与材料行业,1,3,-0.2923792169652325,0.2923792169652325,33,0.0003236283368327207,0.9857587929145118,35,1,32,23,0.024633347290943443,0.027488642354013427,-0.11591177720779124,0.43478260869565216,16,0.3516028802041975,0.75,1.0,0.9964735624027131,证据较弱,0.024481935976420944
结构转型比值R同比变化,28.仪器仪表制造业,先进制造与技术相关行业,2,1,-0.6103328509289109,0.6103328509289109,35,15.43642286531904,2.722308961279126e-05,34,2,29,22,0.02340163358790446,0.014122591849301702,0.3965125641228222,0.7727272727272727,18,0.6565310907985324,1.0,1.0,0.0003136550510298961,较稳健前置信号候选,0.6624059722793616
结构转型比值R同比变化,29.其他制造业,其他制造,3,1,-0.49517947222023195,0.49517947222023195,35,4.7926397985431635,0.008669728377540022,33,3,26,20,0.0262384432218808,0.016365478729727913,0.37627859277564185,0.75,18,0.5500347157291887,1.0,1.0,0.010336983834759256,较稳健前置信号候选,0.6382617435839039
结构转型比值R同比变化,30.废弃资源综合利用业,其他制造,1,1,-0.5748063945421347,0.5748063945421347,35,25.881445677931016,1.5413073408134704e-05,35,1,32,23,0.024633347290943443,0.0157234073028737,0.3617023656117381,0.8260869565217391,18,0.636050136645645,1.0,1.0,0.0003136550510298961,较稳健前置信号候选,0.6355997263374475
结构转型比值R同比变化,24.汽车制造业,装备制造,3,1,-0.5912032894146894,0.5912032894146894,35,6.287645629849152,0.0023640166810227014,33,3,26,20,0.0262384432218808,0.016667621978892995,0.36476330405938456,0.8,18,0.6128954042325474,1.0,1.0,0.0034897389100811307,较稳健前置信号候选,0.6345888171138805
结构转型比值R同比变化,21.金属制品业,装备制造,1,1,-0.602326710484114,0.602326710484114,35,25.907203064386852,1.5300015959674323e-05,35,1,32,23,0.024633347290943443,0.0154514861841552,0.37274110571907515,0.7391304347826086,18,0.6379950003660806,1.0,1.0,0.0003136550510298961,较稳健前置信号候选,0.6335949881839149
结构转型比值R同比变化,1.农副食品加工业,消费与轻工制造,3,1,-0.5228530028410425,0.5228530028410425,35,7.057128926310749,0.001266125505052781,33,3,26,20,0.0262384432218808,0.017117770688373307,0.3476072286903656,0.9,18,0.5466484514158578,1.0,1.0,0.0021409031267256113,较稳健前置信号候选,0.6325001835340294
结构转型比值R同比变化,17.橡胶和塑料制品业,传统高耗能与材料行业,3,1,-0.5802671518331087,0.5802671518331087,35,6.834244241875465,0.0015127369289746888,33,3,26,20,0.0262384432218808,0.01666489027583457,0.36486741477339785,0.75,18,0.6064716863589219,1.0,1.0,0.002344742239910768,较稳健前置信号候选,0.6272501776614022
结构转型比值R同比变化,12.文教、工美、体育和娱乐用品制造业,消费与轻工制造,1,1,-0.5739678052071734,0.5739678052071734,35,24.178192915709264,2.5280001208645023e-05,35,1,32,23,0.024633347290943443,0.01574608393384663,0.36078179924675746,0.7391304347826086,18,0.6026058516475623,1.0,1.0,0.0003136550510298961,较稳健前置信号候选,0.6216356817115973
结构转型比值R同比变化,11.印刷和记录媒介复制业,消费与轻工制造,3,1,-0.5716064239994373,0.5716064239994373,35,6.928886329831613,0.0014022415871365742,33,3,26,20,0.0262384432218808,0.016877562723009384,0.3567620388036275,0.75,18,0.5962012285439197,1.0,1.0,0.0022878678526965157,较稳健前置信号候选,0.6191476454109927
结构转型比值R同比变化,18.非金属矿物制品业,传统高耗能与材料行业,3,1,-0.5551146326310257,0.5551146326310257,35,5.227237844807701,0.00586863720495173,33,3,26,20,0.0262384432218808,0.017243242770462193,0.34282523453667846,0.8,18,0.5850038828846149,1.0,1.0,0.007580323056395985,较稳健前置信号候选,0.6124462183838586
结构转型比值R同比变化,22.通用设备制造业,装备制造,3,1,-0.5673028208921576,0.5673028208921576,35,5.352865602524811,0.005252905974648156,33,3,26,20,0.0262384432218808,0.01737982119524096,0.3376199552591003,0.8,18,0.598395132406524,1.0,1.0,0.006880566980877162,较稳健前置信号候选,0.6072759269100565
结构转型比值R同比变化,23.专用设备制造业,装备制造,1,1,-0.580789648546692,0.580789648546692,35,24.432947447280075,2.3452799457653484e-05,35,1,32,23,0.024633347290943443,0.01629434658852179,0.3385248705314004,0.7391304347826086,18,0.5804017932797518,1.0,1.0,0.0003136550510298961,较稳健前置信号候选,0.5993787529962402
结构转型比值R同比变化,10.造纸和纸制品业,消费与轻工制造,3,1,-0.6225437272031149,0.6225437272031149,35,7.542914628418264,0.0008658445409488411,33,3,26,20,0.0262384432218808,0.017355231539133067,0.3385571166562135,0.7,18,0.6691231485756283,1.0,1.0,0.0017505117893096137,较稳健前置信号候选,0.593469591066748
结构转型比值R同比变化,9.家具制造业,消费与轻工制造,1,1,-0.5765926054095313,0.5765926054095313,35,22.014685356539363,4.853894673151611e-05,35,1,32,23,0.024633347290943443,0.01631287868283507,0.3377725531912356,0.6956521739130435,18,0.6072594687150773,1.0,1.0,0.00041037473145736345,较稳健前置信号候选,0.5920998605416192
结构转型比值R同比变化,31.金属制品、机械和设备修理业,其他制造,3,1,-0.5378802249252745,0.5378802249252745,35,4.9061620556515635,0.007821543416257811,33,3,26,20,0.0262384432218808,0.017462474696133174,0.3344698636094826,0.7,18,0.5532297472320433,1.0,1.0,0.009501166797368194,较稳健前置信号候选,0.5889948052696141
结构转型比值R同比变化,2.食品制造业,消费与轻工制造,3,1,-0.5216281280525852,0.5216281280525852,35,5.414470896541919,0.0049765762314271525,33,3,26,20,0.0262384432218808,0.01787344683390845,0.31880688641605837,0.75,18,0.5456023036755675,1.0,1.0,0.0066117369931817885,较稳健前置信号候选,0.5809762995663993
结构转型比值R同比变化,6.纺织服装、服饰业,消费与轻工制造,1,1,-0.5658177277024367,0.5658177277024367,35,19.230255366835557,0.00011735075187340051,35,1,32,23,0.024633347290943443,0.017333367134143747,0.29634544061673523,0.782608695652174,18,0.5957793041869306,1.0,1.0,0.0005136803644891352,较稳健前置信号候选,0.5637110609463369
结构转型比值R同比变化,25.铁路、船舶、航空航天和其他运输设备制造业,装备制造,3,1,-0.46188736896541244,0.46188736896541244,35,5.038434980399876,0.00694374785093603,33,3,26,20,0.0262384432218808,0.01844082194138382,0.2971830765475588,0.7,18,0.5018316148756437,1.0,1.0,0.008777140917843136,较稳健前置信号候选,0.5517442195016666
结构转型比值R同比变化,26.电气机械和器材制造业,装备制造,1,1,-0.5258912980406869,0.5258912980406869,35,18.938901912223233,0.00012909941291771616,35,1,32,23,0.024633347290943443,0.017628892482923632,0.28434847791047174,0.782608695652174,18,0.5415329646643416,1.0,1.0,0.0005220106696238088,较稳健前置信号候选,0.5517136817248167
结构转型比值R同比变化,8.木材加工和木、竹、藤、棕、草制品业,消费与轻工制造,3,1,-0.5567327910415192,0.5567327910415192,35,4.899813113436138,0.007866557455885494,33,3,26,20,0.0262384432218808,0.01872070882665678,0.28651602275529897,0.75,18,0.5801758781335813,1.0,1.0,0.009501166797368194,较稳健前置信号候选,0.5485409644154305
结构转型比值R同比变化,7.皮革、毛皮、羽毛及其制品和制鞋业,消费与轻工制造,3,1,-0.5560928279183778,0.5560928279183778,35,5.031993071804144,0.006983961590541851,33,3,26,20,0.0262384432218808,0.01879381839664316,0.28372966956474793,0.75,18,0.5938413297654141,1.0,1.0,0.008777140917843136,较稳健前置信号候选,0.5457908125188558
结构转型比值R同比变化,27.计算机、通信和其他电子设备制造业,先进制造与技术相关行业,3,1,-0.5134145706676106,0.5134145706676106,35,5.948093292417505,0.003142866787977645,33,3,26,20,0.0262384432218808,0.019163095159327938,0.26965578722492867,0.8,18,0.5176933903811225,1.0,1.0,0.00436248673555106,较稳健前置信号候选,0.5394376628881511
结构转型比值R同比变化,5.纺织业,消费与轻工制造,1,1,-0.5701137094297162,0.5701137094297162,35,18.615607122576723,0.0001436199102630292,35,1,32,23,0.024633347290943443,0.018113812628473617,0.2646629621816261,0.7391304347826086,18,0.5902494414981676,1.0,1.0,0.0005332916352107941,较稳健前置信号候选,0.5255058628172569
结构转型比值R同比变化,16.化学纤维制造业,传统高耗能与材料行业,1,1,-0.5920872237065917,0.5920872237065917,35,16.65733936534825,0.0002785243566058981,35,1,32,23,0.024633347290943443,0.01907907324386535,0.2254778443821212,0.6521739130434783,18,0.6432266491182412,1.0,1.0,0.0007195212545652368,较稳健前置信号候选,0.4732679552759147
结构转型比值R同比变化,15.医药制造业,先进制造与技术相关行业,3,3,0.4081134772800225,0.4081134772800225,33,4.123727344775998,0.016145854199026144,33,3,26,20,0.0262384432218808,0.020720124376234682,0.2103142628921015,0.75,16,0.3769961239253149,0.9375,1.0,0.018091137837463026,较稳健前置信号候选,0.4656597060002283
结构转型比值R同比变化,19.黑色金属冶炼和压延加工业,传统高耗能与材料行业,1,1,-0.4819107142002842,0.4819107142002842,35,9.206285368309603,0.0047595938307118885,35,1,32,23,0.024633347290943443,0.02090211353852326,0.15147083781796827,0.8260869565217391,18,0.5949007732914442,1.0,1.0,0.006415104728350806,较稳健前置信号候选,0.42506312605981156
结构转型比值R同比变化,3.酒、饮料及精制茶制造业,消费与轻工制造,1,1,-0.6071381528544352,0.6071381528544352,35,21.250259363875998,6.153896885251572e-05,35,1,32,23,0.024633347290943443,0.01947711915523267,0.20931902087080473,0.5652173913043478,18,0.7306719468051224,0.7222222222222222,1.0,0.0004755024053796653,较稳健前置信号候选,0.4163000766684102
结构转型比值R同比变化,4.烟草制品业,消费与轻工制造,1,1,-0.43182394306391403,0.43182394306391403,35,10.622999117037695,0.0026496267486054883,35,1,32,23,0.024633347290943443,0.02073474813713779,0.15826509924775786,0.6086956521739131,18,0.4975616511737243,0.8888888888888888,1.0,0.0037910044249278526,较稳健前置信号候选,0.3882687857414873
